type,entry_time,entry_price,stop_loss,take_profit,orb_high,orb_low,orb_range,position_size,exit_time,exit_price,exit_reason,pnl,symbol,trade_duration,capital_after,cumulative_pnl,running_max,drawdown,symbol_name,category
SHORT,2025-07-21 09:55:00-04:00,329.3998938964844,338.0001,312.19988168945315,338.0,329.3999938964844,8.600006103515625,11,2025-07-21 16:45:00-04:00,312.19988168945315,TAKE_PROFIT,189.20013427734375,TSLA,410.0,10189.200134277344,189.20013427734375,189.20013427734375,0.0,Tesla,stocks
LONG,2025-07-21 10:00:00-04:00,23386.5001,23254.9999,23649.5001,23386.5,23255.0,131.5,1,2025-07-22 09:50:00-04:00,23254.9999,STOP_LOSS,-131.50020000000222,MNQ=F,1430.0,9868.499799999998,-131.50020000000222,-131.50020000000222,0.0,Micro Nasdaq,futures
LONG,2025-07-21 10:00:00-04:00,23386.2501,23255.2499,23648.2501,23386.25,23255.25,131.0,1,2025-07-22 09:50:00-04:00,23255.2499,STOP_LOSS,-131.00020000000222,NQ=F,1430.0,9868.999799999998,-131.00020000000222,-131.00020000000222,0.0,Nasdaq Futures,futures
LONG,2025-07-21 10:00:00-04:00,565.1600731445312,562.0899268554688,571.2999657226562,565.1599731445312,562.0900268554688,3.0699462890625,17,2025-07-21 17:10:00-04:00,562.0899268554688,STOP_LOSS,-52.19248691406165,QQQ,430.0,9947.807513085938,-52.19248691406165,-52.19248691406165,0.0,Nasdaq ETF,stocks
LONG,2025-07-21 10:05:00-04:00,3405.700051171875,3392.699851171875,3431.700051171875,3405.699951171875,3392.699951171875,13.0,2,2025-07-22 09:50:00-04:00,3431.700051171875,TAKE_PROFIT,52.0,GC=F,1425.0,10052.0,52.0,52.0,0.0,Gold,commodities
LONG,2025-07-21 10:20:00-04:00,312.70999990234367,311.6098853515625,314.90982900390605,312.7098999023437,311.6099853515625,1.0999145507811932,31,2025-07-21 16:45:00-04:00,311.6098853515625,STOP_LOSS,-34.10355107421543,GLD,385.0,9965.896448925785,-34.10355107421543,-34.10355107421543,0.0,Gold ETF,commodities
LONG,2025-07-21 10:25:00-04:00,227.8501061035156,225.6498938964844,232.250130517578,227.8500061035156,225.6499938964844,2.200012207031193,43,2025-07-21 17:15:00-04:00,225.6498938964844,STOP_LOSS,-94.60912490234159,AMZN,410.0,9905.390875097659,-94.60912490234159,-94.60912490234159,0.0,Amazon,stocks
LONG,2025-07-21 10:30:00-04:00,511.510109765625,505.58989633789065,523.3501366210937,511.510009765625,505.5899963378906,5.920013427734375,16,2025-07-21 16:50:00-04:00,523.3501366210937,TAKE_PROFIT,189.4404296875,MSFT,380.0,10189.4404296875,189.4404296875,189.4404296875,0.0,Microsoft,stocks
LONG,2025-07-21 13:45:00-04:00,189.57010732421875,186.1498938964844,196.41013417968745,189.57000732421875,186.1499938964844,3.4200134277343466,29,2025-07-21 16:45:00-04:00,186.1498938964844,STOP_LOSS,-99.18618940429624,GOOGL,180.0,9900.813810595704,-99.18618940429624,-99.18618940429624,0.0,Google,stocks
LONG,2025-07-21 17:00:00-04:00,511.510109765625,505.58989633789065,523.3501366210937,511.510009765625,505.5899963378906,5.920013427734375,17,2025-07-21 17:05:00-04:00,523.3501366210937,TAKE_PROFIT,201.28045654296875,MSFT,5.0,10390.720886230469,390.72088623046875,390.72088623046875,0.0,Microsoft,stocks
SHORT,2025-07-21 17:15:00-04:00,225.6498938964844,227.8501061035156,221.249869482422,227.8500061035156,225.6499938964844,2.200012207031193,43,2025-07-21 17:20:00-04:00,227.8501061035156,STOP_LOSS,-94.60912490234159,AMZN,5.0,9810.781750195318,-189.21824980468318,-94.60912490234159,-94.60912490234159,Amazon,stocks
LONG,2025-07-21 17:20:00-04:00,227.8501061035156,225.6498938964844,232.250130517578,227.8500061035156,225.6499938964844,2.200012207031193,43,2025-07-22 16:50:00-04:00,225.6498938964844,STOP_LOSS,-94.60912490234159,AMZN,1410.0,9716.172625292977,-283.8273747070248,-94.60912490234159,-189.21824980468318,Amazon,stocks
LONG,2025-07-21 19:45:00-04:00,312.70999990234367,311.6098853515625,314.90982900390605,312.7098999023437,311.6099853515625,1.0999145507811932,31,2025-07-22 09:50:00-04:00,314.90982900390605,TAKE_PROFIT,68.19470214843398,GLD,845.0,10034.091151074219,34.091151074218544,34.091151074218544,0.0,Gold ETF,commodities
SHORT,2025-07-22 09:50:00-04:00,23210.7499,23335.0001,22962.2499,23335.0,23210.75,124.25,1,2025-07-23 16:00:00-04:00,23335.0001,STOP_LOSS,-124.25020000000222,NQ=F,1810.0,9744.749599999996,-255.25040000000445,-131.00020000000222,-124.25020000000222,Nasdaq Futures,futures
SHORT,2025-07-22 09:50:00-04:00,627.969870703125,629.1901024414062,625.5298072265625,629.1900024414062,627.969970703125,1.22003173828125,15,2025-07-22 13:25:00-04:00,629.1901024414062,STOP_LOSS,-18.303476074217997,SPY,215.0,9981.696523925782,-18.303476074217997,-18.303476074217997,0.0,S&P 500 ETF,stocks
SHORT,2025-07-22 09:50:00-04:00,326.8998938964844,330.4701012207031,319.7598792480469,330.4700012207031,326.8999938964844,3.57000732421875,28,2025-07-22 10:35:00-04:00,330.4701012207031,STOP_LOSS,-99.9658050781236,TSLA,45.0,10089.23432919922,89.23432919922016,189.20013427734375,-99.9658050781236,Tesla,stocks
SHORT,2025-07-22 09:50:00-04:00,561.01991953125,564.3401268554687,554.3799048828125,564.3400268554688,561.02001953125,3.32000732421875,17,2025-07-22 17:05:00-04:00,554.3799048828125,TAKE_PROFIT,112.8802490234375,QQQ,435.0,10060.687762109375,60.68776210937585,60.68776210937585,0.0,Nasdaq ETF,stocks
SHORT,2025-07-22 09:50:00-04:00,188.1299048828125,191.53009877929688,181.32991708984375,191.52999877929688,188.1300048828125,3.399993896484375,29,2025-07-22 14:50:00-04:00,191.53009877929688,STOP_LOSS,-98.60562299804707,GOOGL,300.0,9802.208187597656,-197.7918124023433,-99.18618940429624,-98.60562299804707,Google,stocks
SHORT,2025-07-22 09:50:00-04:00,23208.9999,23335.0001,22956.9999,23335.0,23209.0,126.0,1,2025-07-23 16:00:00-04:00,23335.0001,STOP_LOSS,-126.00020000000222,MNQ=F,1810.0,9742.499599999996,-257.50040000000445,-131.50020000000222,-126.00020000000222,Micro Nasdaq,futures
SHORT,2025-07-22 09:50:00-04:00,508.79988779296883,511.2001122070313,503.99983896484383,511.2000122070313,508.7999877929688,2.4000244140625,20,2025-07-22 16:45:00-04:00,511.2001122070313,STOP_LOSS,-48.004488281248996,MSFT,415.0,10342.71639794922,342.71639794921975,390.72088623046875,-48.004488281248996,Microsoft,stocks
SHORT,2025-07-22 09:55:00-04:00,3424.799948828125,3432.60019765625,3409.199851171875,3432.60009765625,3424.800048828125,7.800048828125,2,2025-07-22 10:20:00-04:00,3432.60019765625,STOP_LOSS,-15.600497656250809,GC=F,25.0,10036.39950234375,36.39950234374919,52.0,-15.600497656250809,Gold,commodities
SHORT,2025-07-22 09:55:00-04:00,314.32988657226565,314.990090234375,313.0098792480469,314.989990234375,314.3299865722656,0.660003662109375,31,2025-07-22 10:20:00-04:00,314.990090234375,STOP_LOSS,-20.46631352538907,GLD,25.0,10013.62483754883,13.624837548829476,34.091151074218544,-20.46631352538907,Gold ETF,commodities
LONG,2025-07-22 10:20:00-04:00,3432.60019765625,3424.799948828125,3448.2002953125,3432.60009765625,3424.800048828125,7.800048828125,2,2025-07-22 20:20:00-04:00,3448.2002953125,TAKE_PROFIT,31.2001953125,GC=F,600.0,10067.59969765625,67.59969765624919,67.59969765624919,0.0,Gold,commodities
LONG,2025-07-22 10:25:00-04:00,314.990090234375,314.32988657226565,316.3100975585937,314.989990234375,314.3299865722656,0.660003662109375,31,2025-07-22 17:50:00-04:00,316.3100975585937,TAKE_PROFIT,40.92022705078125,GLD,445.0,10054.545064599612,54.545064599610726,54.545064599610726,0.0,Gold ETF,commodities
LONG,2025-07-22 11:40:00-04:00,330.4701012207031,326.8998938964844,337.6101158691406,330.4700012207031,326.8999938964844,3.57000732421875,28,2025-07-22 16:45:00-04:00,337.6101158691406,TAKE_PROFIT,199.92041015625,TSLA,305.0,10289.15473935547,289.15473935547016,289.15473935547016,0.0,Tesla,stocks
LONG,2025-07-22 13:20:00-04:00,214.03009877929688,212.2300025390625,217.62989125976563,214.02999877929688,212.2301025390625,1.799896240234375,46,2025-07-22 16:50:00-04:00,212.2300025390625,STOP_LOSS,-82.80442705078156,AAPL,210.0,9917.195572949218,-82.80442705078156,-82.80442705078156,0.0,Apple,stocks
LONG,2025-07-22 14:35:00-04:00,629.1901024414062,627.969870703125,631.6301659179687,629.1900024414062,627.969970703125,1.22003173828125,15,2025-07-22 16:40:00-04:00,627.969870703125,STOP_LOSS,-18.303476074217997,SPY,125.0,9963.393047851565,-36.606952148435994,-18.303476074217997,-18.303476074217997,S&P 500 ETF,stocks
LONG,2025-07-22 14:50:00-04:00,191.53009877929688,188.1299048828125,198.33008657226563,191.52999877929688,188.1300048828125,3.399993896484375,28,2025-07-22 16:50:00-04:00,188.1299048828125,STOP_LOSS,-95.20542910156269,GOOGL,120.0,9707.002758496094,-292.997241503906,-99.18618940429624,-193.81105209960978,Google,stocks
LONG,2025-07-22 18:00:00-04:00,629.1901024414062,627.969870703125,631.6301659179687,629.1900024414062,627.969970703125,1.22003173828125,15,2025-07-23 11:50:00-04:00,631.6301659179687,TAKE_PROFIT,36.6009521484375,SPY,1070.0,9999.994000000002,-0.005999999998493877,-0.005999999998493877,0.0,S&P 500 ETF,stocks
LONG,2025-07-22 19:15:00-04:00,191.53009877929688,188.1299048828125,198.33008657226563,191.52999877929688,188.1300048828125,3.399993896484375,28,2025-07-23 16:00:00-04:00,188.1299048828125,STOP_LOSS,-95.20542910156269,GOOGL,1245.0,9611.79732939453,-388.2026706054687,-99.18618940429624,-289.0164812011725,Google,stocks
SHORT,2025-07-22 19:25:00-04:00,228.2399054931641,229.94010244140625,224.83991159667977,229.94000244140625,228.2400054931641,1.699996948242159,42,2025-07-23 16:50:00-04:00,224.83991159667977,TAKE_PROFIT,142.79974365234136,AMZN,1285.0,9858.972368945319,-141.0276310546834,-94.60912490234159,-46.41850615234182,Amazon,stocks
SHORT,2025-07-23 09:55:00-04:00,212.6198951171875,215.1001061035156,207.6598731445313,215.1000061035156,212.6199951171875,2.4800109863280966,39,2025-07-23 16:40:00-04:00,215.1001061035156,STOP_LOSS,-96.72822846679603,AAPL,405.0,9820.467344482422,-179.53265551757758,-82.80442705078156,-96.72822846679603,Apple,stocks
LONG,2025-07-23 10:00:00-04:00,314.410500390625,313.6599036621094,315.9112938476562,314.410400390625,313.6600036621094,0.750396728515625,31,2025-07-23 11:55:00-04:00,313.6599036621094,STOP_LOSS,-23.26849858398282,GLD,115.0,10031.27656601563,31.276566015627907,54.545064599610726,-23.26849858398282,Gold ETF,commodities
SHORT,2025-07-23 10:00:00-04:00,502.2348853515625,506.75019155273435,493.2046729492188,506.7500915527344,502.2349853515625,4.515106201171875,20,2025-07-23 16:00:00-04:00,506.75019155273435,STOP_LOSS,-90.3061240234365,MSFT,360.0,10252.410273925783,252.41027392578326,390.72088623046875,-138.3106123046855,Microsoft,stocks
LONG,2025-07-23 10:00:00-04:00,3423.60019765625,3414.59999765625,3441.60019765625,3423.60009765625,3414.60009765625,9.0,2,2025-07-23 11:55:00-04:00,3414.59999765625,STOP_LOSS,-18.00040000000081,GC=F,115.0,10049.599297656248,49.59929765624838,67.59969765624919,-18.00040000000081,Gold,commodities
SHORT,2025-07-23 10:00:00-04:00,559.9599219726563,562.35019765625,555.1797706054688,562.35009765625,559.9600219726562,2.39007568359375,17,2025-07-23 11:50:00-04:00,562.35019765625,STOP_LOSS,-40.6346866210929,QQQ,110.0,10020.053075488282,20.053075488282957,60.68776210937585,-40.6346866210929,Nasdaq ETF,stocks
LONG,2025-07-23 11:50:00-04:00,562.35019765625,559.9599219726563,567.1303490234375,562.35009765625,559.9600219726562,2.39007568359375,17,2025-07-23 16:50:00-04:00,567.1303490234375,TAKE_PROFIT,81.2625732421875,QQQ,300.0,10101.31564873047,101.31564873047046,101.31564873047046,0.0,Nasdaq ETF,stocks
LONG,2025-07-23 11:50:00-04:00,334.2301109863281,329.009909765625,344.67011342773435,334.2300109863281,329.010009765625,5.220001220703125,19,2025-07-23 13:10:00-04:00,329.009909765625,STOP_LOSS,-99.18382319335842,TSLA,80.0,10189.970916162112,189.97091616211173,289.15473935547016,-99.18382319335842,Tesla,stocks
LONG,2025-07-23 11:50:00-04:00,631.4651268554687,630.1249,634.1451805664062,631.4650268554688,630.125,1.34002685546875,15,2025-07-23 15:55:00-04:00,634.1451805664062,TAKE_PROFIT,40.2008056640625,SPY,245.0,10040.194805664065,40.194805664064006,40.194805664064006,0.0,S&P 500 ETF,stocks
SHORT,2025-07-23 11:55:00-04:00,3414.59999765625,3423.60019765625,3396.59999765625,3423.60009765625,3414.60009765625,9.0,2,2025-07-23 12:00:00-04:00,3396.59999765625,TAKE_PROFIT,36.0,GC=F,5.0,10085.599297656248,85.59929765624838,85.59929765624838,0.0,Gold,commodities
SHORT,2025-07-23 11:55:00-04:00,313.6599036621094,314.410500390625,312.15911020507815,314.410400390625,313.6600036621094,0.750396728515625,31,2025-07-23 12:00:00-04:00,312.15911020507815,TAKE_PROFIT,46.52459716796875,GLD,5.0,10077.801163183598,77.80116318359666,77.80116318359666,0.0,Gold ETF,commodities
SHORT,2025-07-23 16:00:00-04:00,190.06990732421875,192.53009877929688,185.1499244140625,192.52999877929688,190.07000732421875,2.459991455078125,39,2025-07-23 16:05:00-04:00,185.1499244140625,TAKE_PROFIT,191.87933349609375,GOOGL,5.0,9803.676662890624,-196.32333710937496,-99.18618940429624,-97.13714770507872,Google,stocks
LONG,2025-07-23 16:10:00-04:00,334.2301109863281,329.009909765625,344.67011342773435,334.2300109863281,329.010009765625,5.220001220703125,19,2025-07-23 16:25:00-04:00,329.009909765625,STOP_LOSS,-99.18382319335842,TSLA,15.0,10090.787092968754,90.78709296875331,289.15473935547016,-198.36764638671684,Tesla,stocks
LONG,2025-07-23 16:35:00-04:00,506.75019155273435,502.2348853515625,515.7804039550781,506.7500915527344,502.2349853515625,4.515106201171875,20,2025-07-23 16:45:00-04:00,515.7804039550781,TAKE_PROFIT,180.604248046875,MSFT,10.0,10433.014521972658,433.01452197265826,433.01452197265826,0.0,Microsoft,stocks
LONG,2025-07-23 16:40:00-04:00,192.53009877929688,190.06990732421875,197.45008168945313,192.52999877929688,190.07000732421875,2.459991455078125,39,2025-07-23 16:45:00-04:00,190.06990732421875,STOP_LOSS,-95.94746674804713,GOOGL,5.0,9707.729196142578,-292.2708038574221,-99.18618940429624,-193.08461445312585,Google,stocks
LONG,2025-07-23 16:55:00-04:00,506.75019155273435,502.2348853515625,515.7804039550781,506.7500915527344,502.2349853515625,4.515106201171875,20,2025-07-24 16:40:00-04:00,502.2348853515625,STOP_LOSS,-90.3061240234365,MSFT,1425.0,10342.708397949222,342.70839794922176,433.01452197265826,-90.3061240234365,Microsoft,stocks
LONG,2025-07-23 16:55:00-04:00,192.53009877929688,190.06990732421875,197.45008168945313,192.52999877929688,190.07000732421875,2.459991455078125,39,2025-07-23 17:05:00-04:00,197.45008168945313,TAKE_PROFIT,191.87933349609375,GOOGL,10.0,9899.608529638672,-100.39147036132835,-99.18618940429624,-1.2052809570321017,Google,stocks
SHORT,2025-07-23 17:45:00-04:00,329.009909765625,334.2301109863281,318.5699073242188,334.2300109863281,329.010009765625,5.220001220703125,19,2025-07-23 18:25:00-04:00,318.5699073242188,TAKE_PROFIT,198.36004638671875,TSLA,40.0,10289.147139355473,289.14713935547206,289.15473935547016,-0.007599999998092244,Tesla,stocks
LONG,2025-07-24 09:55:00-04:00,233.5801018310547,228.63989938964843,243.4601067138672,233.5800018310547,228.63999938964844,4.94000244140625,19,2025-07-24 16:40:00-04:00,228.63989938964843,STOP_LOSS,-93.86384638671888,AMZN,405.0,9765.1085225586,-234.8914774414023,-94.60912490234159,-140.2823525390607,Amazon,stocks
SHORT,2025-07-24 10:05:00-04:00,23334.2499,23401.0001,23200.7499,23401.0,23334.25,66.75,1,2025-07-24 13:10:00-04:00,23401.0001,STOP_LOSS,-66.75020000000222,NQ=F,185.0,9677.999399999993,-322.00060000000667,-131.00020000000222,-191.00040000000445,Nasdaq Futures,futures
SHORT,2025-07-24 10:05:00-04:00,23333.4999,23400.7501,23198.9999,23400.75,23333.5,67.25,1,2025-07-24 13:10:00-04:00,23400.7501,STOP_LOSS,-67.25020000000222,MNQ=F,185.0,9675.249399999993,-324.75060000000667,-131.50020000000222,-193.25040000000445,Micro Nasdaq,futures
SHORT,2025-07-24 10:10:00-04:00,563.8698951171875,565.7475975585937,560.114890234375,565.7474975585938,563.8699951171875,1.87750244140625,17,2025-07-24 13:10:00-04:00,565.7475975585937,STOP_LOSS,-31.920941503905397,QQQ,180.0,10069.394707226564,69.39470722656506,101.31564873047046,-31.920941503905397,Nasdaq ETF,stocks
LONG,2025-07-24 10:15:00-04:00,3375.90000234375,3360.09999765625,3407.49961171875,3375.89990234375,3360.10009765625,15.7998046875,2,2025-07-25 09:50:00-04:00,3360.09999765625,STOP_LOSS,-31.60000937500081,GC=F,1415.0,10053.999288281248,53.99928828124757,85.59929765624838,-31.60000937500081,Gold,commodities
LONG,2025-07-24 10:15:00-04:00,310.510109765625,309.0598975585937,313.4101341796876,310.510009765625,309.0599975585937,1.4500122070313068,32,2025-07-25 09:50:00-04:00,309.0598975585937,STOP_LOSS,-46.40679062500021,GLD,1415.0,10031.394372558598,31.394372558596444,77.80116318359666,-46.40679062500021,Gold ETF,commodities
LONG,2025-07-24 10:45:00-04:00,635.3901146484375,633.989890234375,638.1901634765625,635.3900146484375,633.989990234375,1.4000244140625,15,2025-07-24 16:00:00-04:00,633.989890234375,STOP_LOSS,-21.003366210936747,SPY,315.0,10019.191439453129,19.19143945312726,40.194805664064006,-21.003366210936747,S&P 500 ETF,stocks
SHORT,2025-07-24 11:30:00-04:00,193.7499,197.9500969482422,185.34990610351562,197.9499969482422,193.75,4.1999969482421875,23,2025-07-24 16:45:00-04:00,197.9500969482422,STOP_LOSS,-96.60452980957047,GOOGL,315.0,9803.003999829101,-196.9960001708988,-99.18618940429624,-97.80981076660257,Google,stocks
LONG,2025-07-24 13:10:00-04:00,23401.0001,23334.2499,23534.5001,23401.0,23334.25,66.75,1,2025-07-28 20:25:00-04:00,23534.5001,TAKE_PROFIT,133.5,NQ=F,6195.0,9811.499399999993,-188.50060000000667,-131.00020000000222,-57.50040000000445,Nasdaq Futures,futures
LONG,2025-07-24 13:10:00-04:00,23400.7501,23333.4999,23535.2501,23400.75,23333.5,67.25,1,2025-07-28 20:30:00-04:00,23535.2501,TAKE_PROFIT,134.5,MNQ=F,6200.0,9809.749399999993,-190.25060000000667,-131.50020000000222,-58.75040000000445,Micro Nasdaq,futures
LONG,2025-07-24 13:10:00-04:00,565.7475975585937,563.8698951171875,569.5026024414062,565.7474975585938,563.8699951171875,1.87750244140625,17,2025-07-24 16:50:00-04:00,563.8698951171875,STOP_LOSS,-31.920941503905397,QQQ,220.0,10037.473765722658,37.473765722659664,101.31564873047046,-63.84188300781079,Nasdaq ETF,stocks
SHORT,2025-07-24 15:55:00-04:00,213.96990122070312,215.69010244140625,210.52989877929687,215.69000244140625,213.97000122070312,1.720001220703125,45,2025-07-24 16:50:00-04:00,210.52989877929687,TAKE_PROFIT,154.80010986328125,AAPL,55.0,9975.267454345703,-24.73254565429633,-24.73254565429633,0.0,Apple,stocks
SHORT,2025-07-24 17:00:00-04:00,213.96990122070312,215.69010244140625,210.52989877929687,215.69000244140625,213.97000122070312,1.720001220703125,46,2025-07-24 17:15:00-04:00,215.69010244140625,STOP_LOSS,-79.12925615234406,AAPL,15.0,9896.13819819336,-103.86180180664039,-24.73254565429633,-79.12925615234406,Apple,stocks
LONG,2025-07-24 18:10:00-04:00,565.7475975585937,563.8698951171875,569.5026024414062,565.7474975585938,563.8699951171875,1.87750244140625,17,2025-07-28 16:40:00-04:00,563.8698951171875,STOP_LOSS,-31.920941503905397,QQQ,5670.0,10005.552824218752,5.552824218754267,101.31564873047046,-95.76282451171619,Nasdaq ETF,stocks
LONG,2025-07-24 18:15:00-04:00,635.3901146484375,633.989890234375,638.1901634765625,635.3900146484375,633.989990234375,1.4000244140625,15,2025-07-25 16:55:00-04:00,633.989890234375,STOP_LOSS,-21.003366210936747,SPY,1360.0,9998.188073242192,-1.8119267578094878,40.194805664064006,-42.006732421873494,S&P 500 ETF,stocks
LONG,2025-07-25 09:50:00-04:00,512.4651268554687,510.35909189453133,516.6767967773436,512.4650268554688,510.3591918945313,2.105834960937443,20,2025-07-25 13:45:00-04:00,516.6767967773436,TAKE_PROFIT,84.23339843749773,MSFT,235.0,10426.94179638672,426.9417963867195,433.01452197265826,-6.07272558593877,Microsoft,stocks
LONG,2025-07-25 10:00:00-04:00,312.7501,308.009909765625,322.23008046875,312.75,308.010009765625,4.739990234375,21,2025-07-25 12:10:00-04:00,322.23008046875,TAKE_PROFIT,199.07958984375,TSLA,130.0,10488.226729199223,488.22672919922206,488.22672919922206,0.0,Tesla,stocks
SHORT,2025-07-25 10:15:00-04:00,307.57988657226565,308.31009755859367,306.1198645996095,308.3099975585937,307.5799865722656,0.7300109863280682,32,2025-07-28 09:50:00-04:00,306.1198645996095,TAKE_PROFIT,46.72070312499636,GLD,4295.0,10078.115075683594,78.1150756835928,78.1150756835928,0.0,Gold ETF,commodities
SHORT,2025-07-25 10:15:00-04:00,3340.4999,3348.700051171875,3324.09999765625,3348.699951171875,3340.5,8.199951171875,3,2025-07-28 09:50:00-04:00,3324.09999765625,TAKE_PROFIT,49.19970703125,GC=F,4295.0,10103.198995312498,103.19899531249757,103.19899531249757,0.0,Gold,commodities
LONG,2025-07-25 10:30:00-04:00,214.8601006103516,213.7999030517578,216.98009572753915,214.8600006103516,213.8000030517578,1.0599975585937784,46,2025-07-25 14:40:00-04:00,213.7999030517578,STOP_LOSS,-48.76908769531411,AAPL,250.0,9847.369110498044,-152.6308895019545,-24.73254565429633,-127.89834384765817,Apple,stocks
LONG,2025-07-25 11:55:00-04:00,232.2701042724609,231.2999030517578,234.2101067138671,232.2700042724609,231.3000030517578,0.9700012207030966,42,2025-07-25 16:00:00-04:00,231.2999030517578,STOP_LOSS,-40.748451269530335,AMZN,245.0,9724.36007128907,-275.6399287109326,-94.60912490234159,-181.03080380859103,Amazon,stocks
SHORT,2025-07-25 14:55:00-04:00,213.7999030517578,214.8601006103516,211.67990793457025,214.8600006103516,213.8000030517578,1.0599975585937784,46,2025-07-25 17:30:00-04:00,214.8601006103516,STOP_LOSS,-48.76908769531411,AAPL,155.0,9798.60002280273,-201.3999771972686,-24.73254565429633,-176.66743154297228,Apple,stocks
SHORT,2025-07-25 16:55:00-04:00,191.25989450683596,194.28009877929688,185.21988596191414,194.27999877929688,191.25999450683597,3.020004272460909,32,2025-07-25 17:00:00-04:00,194.28009877929688,STOP_LOSS,-96.6465367187493,GOOGL,5.0,9706.357463110351,-293.6425368896481,-99.18618940429624,-194.45634748535187,Google,stocks
SHORT,2025-07-25 16:55:00-04:00,510.35909189453133,512.4651268554687,506.14742197265645,512.4650268554688,510.3591918945313,2.105834960937443,20,2025-07-25 17:00:00-04:00,512.4651268554687,STOP_LOSS,-42.12069921874786,MSFT,5.0,10384.821097167973,384.82109716797163,433.01452197265826,-48.19342480468663,Microsoft,stocks
LONG,2025-07-25 17:05:00-04:00,512.4651268554687,510.35909189453133,516.6767967773436,512.4650268554688,510.3591918945313,2.105834960937443,20,2025-07-25 17:10:00-04:00,510.35909189453133,STOP_LOSS,-42.12069921874786,MSFT,5.0,10342.700397949226,342.70039794922377,433.01452197265826,-90.31412402343449,Microsoft,stocks
SHORT,2025-07-25 17:15:00-04:00,191.25989450683596,194.28009877929688,185.21988596191414,194.27999877929688,191.25999450683597,3.020004272460909,32,2025-07-25 17:20:00-04:00,185.21988596191414,TAKE_PROFIT,193.28027343749818,GOOGL,5.0,9899.63773654785,-100.36226345214993,-99.18618940429624,-1.1760740478536889,Google,stocks
SHORT,2025-07-28 09:50:00-04:00,3315.09999765625,3328.40000234375,3288.50038828125,3328.39990234375,3315.10009765625,13.2998046875,3,2025-07-29 11:00:00-04:00,3328.40000234375,STOP_LOSS,-39.900014062501214,GC=F,1510.0,10063.298981249996,63.29898124999636,103.19899531249757,-39.900014062501214,Gold,commodities
SHORT,2025-07-28 09:50:00-04:00,305.4298926757813,306.5800865722656,303.1299048828125,306.5799865722656,305.42999267578125,1.149993896484375,32,2025-07-28 16:10:00-04:00,306.5800865722656,STOP_LOSS,-36.80620468749839,GLD,380.0,10041.308870996096,41.30887099609441,78.1150756835928,-36.80620468749839,Gold ETF,commodities
LONG,2025-07-28 09:50:00-04:00,320.9300926757812,315.6899024414063,331.4100731445312,320.92999267578125,315.69000244140625,5.239990234375,20,2025-07-28 16:45:00-04:00,315.6899024414063,STOP_LOSS,-104.803804687499,TSLA,415.0,10383.422924511724,383.42292451172307,488.22672919922206,-104.803804687499,Tesla,stocks
LONG,2025-07-28 09:55:00-04:00,514.6700829101562,512.3598853515625,519.2900780273437,514.6699829101562,512.3599853515625,2.30999755859375,20,2025-07-28 10:50:00-04:00,512.3598853515625,STOP_LOSS,-46.203951171873996,MSFT,55.0,10296.496446777352,296.4964467773498,433.01452197265826,-136.51807519530848,Microsoft,stocks
SHORT,2025-07-28 10:00:00-04:00,192.5199042724609,194.05010305175782,189.4599067138671,194.0500030517578,192.5200042724609,1.5299987792969034,51,2025-07-28 16:40:00-04:00,194.05010305175782,STOP_LOSS,-78.04013774414241,GOOGL,400.0,9821.597598803706,-178.40240119629235,-99.18618940429624,-79.2162117919961,Google,stocks
LONG,2025-07-28 10:10:00-04:00,637.8401268554687,637.0799170898438,639.3601463867187,637.8400268554688,637.0800170898438,0.760009765625,15,2025-07-28 11:15:00-04:00,637.0799170898438,STOP_LOSS,-11.403146484374247,SPY,65.0,9986.784926757819,-13.215073242183735,40.194805664064006,-53.40987890624774,S&P 500 ETF,stocks
LONG,2025-07-28 10:35:00-04:00,214.67009816894532,213.57990183105468,216.85009084472657,214.6699981689453,213.5800018310547,1.089996337890625,45,2025-07-28 13:20:00-04:00,213.57990183105468,STOP_LOSS,-49.058835205078424,AAPL,165.0,9749.541187597652,-250.45881240234704,-24.73254565429633,-225.7262667480507,Apple,stocks
SHORT,2025-07-28 10:50:00-04:00,512.3598853515625,514.6700829101562,507.739890234375,514.6699829101562,512.3599853515625,2.30999755859375,20,2025-07-28 16:45:00-04:00,514.6700829101562,STOP_LOSS,-46.203951171873996,MSFT,355.0,10250.292495605478,250.29249560547578,433.01452197265826,-182.72202636718248,Microsoft,stocks
SHORT,2025-07-28 11:15:00-04:00,637.0799170898438,637.8401268554687,635.5598975585938,637.8400268554688,637.0800170898438,0.760009765625,15,2025-07-28 14:05:00-04:00,635.5598975585938,TAKE_PROFIT,22.80029296875,SPY,170.0,10009.585219726569,9.585219726566265,40.194805664064006,-30.60958593749774,S&P 500 ETF,stocks
SHORT,2025-07-28 13:20:00-04:00,213.57990183105468,214.67009816894532,211.39990915527343,214.6699981689453,213.5800018310547,1.089996337890625,45,2025-07-28 16:40:00-04:00,214.67009816894532,STOP_LOSS,-49.058835205078424,AAPL,200.0,9700.482352392573,-299.5176476074255,-24.73254565429633,-274.78510195312913,Apple,stocks
SHORT,2025-07-28 16:25:00-04:00,637.0799170898438,637.8401268554687,635.5598975585938,637.8400268554688,637.0800170898438,0.760009765625,15,2025-07-29 09:50:00-04:00,637.8401268554687,STOP_LOSS,-11.403146484374247,SPY,1045.0,9998.182073242195,-1.8179267578079816,40.194805664064006,-42.01273242187199,S&P 500 ETF,stocks
SHORT,2025-07-28 16:35:00-04:00,305.4298926757813,306.5800865722656,303.1299048828125,306.5799865722656,305.42999267578125,1.149993896484375,32,2025-07-28 16:40:00-04:00,303.1299048828125,TAKE_PROFIT,73.599609375,GLD,5.0,10114.908480371096,114.90848037109441,114.90848037109441,0.0,Gold ETF,commodities
SHORT,2025-07-28 16:55:00-04:00,192.5199042724609,194.05010305175782,189.4599067138671,194.0500030517578,192.5200042724609,1.5299987792969034,51,2025-07-29 11:45:00-04:00,194.05010305175782,STOP_LOSS,-78.04013774414241,GOOGL,1130.0,9743.557461059563,-256.44253894043476,-99.18618940429624,-157.25634953613852,Google,stocks
SHORT,2025-07-28 16:55:00-04:00,567.5398780273438,568.7350853515625,565.1498633789063,568.7349853515625,567.5399780273438,1.19500732421875,17,2025-07-28 17:05:00-04:00,565.1498633789063,TAKE_PROFIT,40.6302490234375,QQQ,10.0,10046.18307324219,46.18307324219177,101.31564873047046,-55.13257548827869,Nasdaq ETF,stocks
SHORT,2025-07-28 18:05:00-04:00,305.4298926757813,306.5800865722656,303.1299048828125,306.5799865722656,305.42999267578125,1.149993896484375,33,2025-07-29 10:45:00-04:00,306.5800865722656,STOP_LOSS,-37.95639858398272,GLD,1000.0,10076.952081787113,76.9520817871117,114.90848037109441,-37.95639858398272,Gold ETF,commodities
LONG,2025-07-28 18:10:00-04:00,568.7350853515625,567.5398780273438,571.1251,568.7349853515625,567.5399780273438,1.19500732421875,17,2025-07-29 11:25:00-04:00,567.5398780273438,STOP_LOSS,-20.318524511717897,QQQ,1035.0,10025.864548730471,25.86454873047387,101.31564873047046,-75.45109999999659,Nasdaq ETF,stocks
SHORT,2025-07-29 00:00:00+01:00,1.1630964445114136,1.1642442775726318,1.161200778388977,1.1641442775726318,1.1631964445114136,0.0009478330612182617,8597,2025-07-29 00:05:00+01:00,1.161200778388977,TAKE_PROFIT,16.297041654586792,EURUSD=X,5.0,10016.297041654587,16.297041654586792,16.297041654586792,0.0,EUR/USD,forex
SHORT,2025-07-29 09:50:00-04:00,212.79010690917968,214.81009755859372,208.75052561035162,214.80999755859372,212.7902069091797,2.019790649414034,45,2025-07-29 16:40:00-04:00,208.75052561035162,TAKE_PROFIT,181.78115844726307,AAPL,410.0,9882.263510839837,-117.73648916016242,-24.73254565429633,-93.00394350586609,Apple,stocks
SHORT,2025-07-29 09:50:00-04:00,231.82990183105468,234.72010122070313,226.0499030517578,234.72000122070312,231.8300018310547,2.8899993896484375,33,2025-07-29 16:40:00-04:00,226.0499030517578,TAKE_PROFIT,190.73995971679688,AMZN,410.0,9915.100031005866,-84.89996899413575,-84.89996899413575,0.0,Amazon,stocks
SHORT,2025-07-29 10:00:00-04:00,23575.4999,23652.2501,23421.9999,23652.25,23575.5,76.75,1,2025-07-30 14:55:00-04:00,23421.9999,TAKE_PROFIT,153.5,MNQ=F,1735.0,9963.249399999993,-36.75060000000667,-36.75060000000667,0.0,Micro Nasdaq,futures
SHORT,2025-07-29 10:00:00-04:00,23575.9999,23652.5001,23422.9999,23652.5,23576.0,76.5,1,2025-07-29 15:35:00-04:00,23422.9999,TAKE_PROFIT,153.0,NQ=F,335.0,9964.499399999993,-35.50060000000667,-35.50060000000667,0.0,Nasdaq Futures,futures
SHORT,2025-07-29 10:00:00-04:00,515.1299048828125,517.6200951171875,510.1499244140625,517.6199951171875,515.1300048828125,2.489990234375,19,2025-07-29 16:50:00-04:00,510.1499244140625,TAKE_PROFIT,94.61962890625,MSFT,410.0,10344.912124511728,344.9121245117258,433.01452197265826,-88.10239746093248,Microsoft,stocks
SHORT,2025-07-29 10:25:00-04:00,319.509909765625,326.2501,306.029929296875,326.25,319.510009765625,6.739990234375,15,2025-07-29 16:40:00-04:00,326.2501,STOP_LOSS,-101.10285351562425,TSLA,375.0,10282.3200709961,282.3200709960988,488.22672919922206,-205.90665820312324,Tesla,stocks
SHORT,2025-07-29 10:40:00-04:00,637.3498755859375,638.6700829101562,634.7098609375,638.6699829101562,637.3499755859375,1.32000732421875,15,2025-07-29 11:40:00-04:00,634.7098609375,TAKE_PROFIT,39.6002197265625,SPY,60.0,10037.782292968757,37.78229296875452,40.194805664064006,-2.4125126953094878,S&P 500 ETF,stocks
LONG,2025-07-29 11:45:00-04:00,193.64009938964844,192.3499061035156,196.22008596191412,193.63999938964844,192.3500061035156,1.289993286132841,50,2025-07-29 17:00:00-04:00,192.3499061035156,STOP_LOSS,-64.50966430664238,GOOGL,315.0,9679.04779675292,-320.95220324707714,-99.18618940429624,-221.7660138427809,Google,stocks
LONG,2025-07-29 12:10:00-04:00,305.8901146484375,305.08989633789065,307.4901512695312,305.8900146484375,305.0899963378906,0.800018310546875,32,2025-07-29 17:15:00-04:00,305.08989633789065,STOP_LOSS,-25.606985937498393,GLD,305.0,10051.345095849614,51.3450958496133,114.90848037109441,-63.56338452148111,Gold ETF,commodities
LONG,2025-07-29 12:10:00-04:00,3319.5001,3309.89980234375,3338.7002953125,3319.5,3309.89990234375,9.60009765625,3,2025-07-30 09:50:00-04:00,3338.7002953125,TAKE_PROFIT,57.6005859375,GC=F,1300.0,10120.899567187496,120.89956718749636,120.89956718749636,0.0,Gold,commodities
SHORT,2025-07-29 17:15:00-04:00,305.08989633789065,305.8901146484375,303.4898597167969,305.8900146484375,305.0899963378906,0.800018310546875,32,2025-07-29 17:20:00-04:00,305.8901146484375,STOP_LOSS,-25.606985937498393,GLD,5.0,10025.738109912116,25.738109912114908,114.90848037109441,-89.1703704589795,Gold ETF,commodities
LONG,2025-07-29 17:15:00-04:00,326.2501,319.509909765625,339.73008046875,326.25,319.510009765625,6.739990234375,15,2025-07-30 10:55:00-04:00,319.509909765625,STOP_LOSS,-101.10285351562425,TSLA,1060.0,10181.217217480476,181.21721748047457,488.22672919922206,-307.0095117187475,Tesla,stocks
LONG,2025-07-29 17:20:00-04:00,305.8901146484375,305.08989633789065,307.4901512695312,305.8900146484375,305.0899963378906,0.800018310546875,32,2025-07-30 09:50:00-04:00,305.08989633789065,STOP_LOSS,-25.606985937498393,GLD,990.0,10000.131123974617,0.13112397461651426,114.90848037109441,-114.7773563964779,Gold ETF,commodities
LONG,2025-07-30 11:40:00+01:00,1.1540349555969238,1.152239220046997,1.1572264266967773,1.1539349555969238,1.152339220046997,0.0015957355499267578,8679,2025-07-30 13:15:00+01:00,1.152239220046997,STOP_LOSS,-15.58518883781414,EURUSD=X,95.0,10000.711852816772,0.7118528167726517,16.297041654586792,-15.58518883781414,EUR/USD,forex
SHORT,2025-07-30 13:15:00+01:00,1.152239220046997,1.1540349555969238,1.1490477489471436,1.1539349555969238,1.152339220046997,0.0015957355499267578,8679,2025-07-30 13:35:00+01:00,1.1490477489471436,TAKE_PROFIT,27.698777675628662,EURUSD=X,20.0,10028.4106304924,28.410630492401314,28.410630492401314,0.0,EUR/USD,forex
SHORT,2025-07-30 09:55:00-04:00,195.33989633789065,196.79509816894532,192.42989267578133,196.7949981689453,195.33999633789065,1.455001831054659,49,2025-07-30 11:05:00-04:00,196.79509816894532,STOP_LOSS,-71.30488972167862,GOOGL,70.0,9607.742907031241,-392.2570929687557,-99.18618940429624,-293.0709035644595,Google,stocks
SHORT,2025-07-30 10:00:00-04:00,230.62749399414065,231.80010305175782,228.28267587890633,231.8000030517578,230.62759399414065,1.172409057617159,42,2025-07-30 16:00:00-04:00,231.80010305175782,STOP_LOSS,-49.24958041992096,AMZN,360.0,9865.850450585946,-134.1495494140567,-84.89996899413575,-49.24958041992096,Amazon,stocks
LONG,2025-07-30 10:20:00-04:00,636.23008046875,635.2898780273438,638.1100853515625,636.22998046875,635.2899780273438,0.94000244140625,15,2025-07-30 11:10:00-04:00,635.2898780273438,STOP_LOSS,-14.103036621092997,SPY,50.0,10023.679256347665,23.67925634766152,40.194805664064006,-16.515549316402485,S&P 500 ETF,stocks
LONG,2025-07-30 10:30:00-04:00,513.885109765625,510.67128671875,520.312355859375,513.885009765625,510.67138671875,3.213623046875,20,2025-07-30 14:55:00-04:00,510.67128671875,STOP_LOSS,-64.276460937499,MSFT,265.0,10280.635663574229,280.6356635742268,433.01452197265826,-152.37885839843148,Microsoft,stocks
LONG,2025-07-30 10:50:00-04:00,23526.2501,23450.7499,23677.2501,23526.25,23450.75,75.5,1,2025-07-30 14:55:00-04:00,23450.7499,STOP_LOSS,-75.50020000000222,NQ=F,245.0,9888.999199999991,-111.0008000000089,-35.50060000000667,-75.50020000000222,Nasdaq Futures,futures
LONG,2025-07-30 10:50:00-04:00,569.1100853515625,567.26991953125,572.7900169921875,569.1099853515625,567.27001953125,1.8399658203125,17,2025-07-30 14:55:00-04:00,567.26991953125,STOP_LOSS,-31.282818945311647,QQQ,245.0,9994.581729785159,-5.418270214837776,101.31564873047046,-106.73391894530823,Nasdaq ETF,stocks
SHORT,2025-07-30 10:55:00-04:00,319.9999,324.4499901367187,311.1001197265625,324.44989013671875,320.0,4.44989013671875,22,2025-07-30 16:50:00-04:00,324.4499901367187,STOP_LOSS,-97.9019830078114,TSLA,355.0,10083.315234472666,83.31523447266318,488.22672919922206,-404.9114947265589,Tesla,stocks
SHORT,2025-07-30 11:00:00-04:00,210.33989633789065,212.39009938964844,206.23989023437508,212.38999938964844,210.33999633789065,2.050003051757784,46,2025-07-30 16:50:00-04:00,212.39009938964844,STOP_LOSS,-94.30934038085837,AAPL,350.0,9787.95417045898,-212.0458295410208,-24.73254565429633,-187.31328388672446,Apple,stocks
SHORT,2025-07-30 11:05:00-04:00,3354.59999765625,3361.800148828125,3340.2000953125,3361.800048828125,3354.60009765625,7.199951171875,3,2025-07-30 14:45:00-04:00,3340.2000953125,TAKE_PROFIT,43.19970703125,GC=F,220.0,10164.099274218746,164.09927421874636,164.09927421874636,0.0,Gold,commodities
SHORT,2025-07-30 11:05:00-04:00,303.96990122070315,304.65009389648435,302.60991586914065,304.6499938964844,303.9700012207031,0.67999267578125,32,2025-07-30 14:45:00-04:00,302.60991586914065,TAKE_PROFIT,43.51953125,GLD,220.0,10043.650655224617,43.650655224616514,114.90848037109441,-71.2578251464779,Gold ETF,commodities
SHORT,2025-07-30 11:10:00-04:00,635.2898780273438,636.23008046875,633.4098731445313,636.22998046875,635.2899780273438,0.94000244140625,15,2025-07-30 12:10:00-04:00,636.23008046875,STOP_LOSS,-14.103036621092997,SPY,60.0,10009.576219726572,9.576219726568524,40.194805664064006,-30.61858593749548,S&P 500 ETF,stocks
LONG,2025-07-30 11:20:00-04:00,196.79509816894532,195.33989633789065,199.70510183105463,196.7949981689453,195.33999633789065,1.455001831054659,48,2025-07-30 15:05:00-04:00,195.33989633789065,STOP_LOSS,-69.84968789062395,GOOGL,225.0,9537.893219140617,-462.1067808593797,-99.18618940429624,-362.92059145508347,Google,stocks
LONG,2025-07-30 12:10:00-04:00,636.23008046875,635.2898780273438,638.1100853515625,636.22998046875,635.2899780273438,0.94000244140625,15,2025-07-30 14:50:00-04:00,635.2898780273438,STOP_LOSS,-14.103036621092997,SPY,160.0,9995.47318310548,-4.5268168945244724,40.194805664064006,-44.72162255858848,S&P 500 ETF,stocks
SHORT,2025-07-30 14:55:00-04:00,567.26991953125,569.1100853515625,563.589987890625,569.1099853515625,567.27001953125,1.8399658203125,17,2025-07-30 16:00:00-04:00,569.1100853515625,STOP_LOSS,-31.282818945311647,QQQ,65.0,9963.298910839847,-36.70108916014942,101.31564873047046,-138.01673789061988,Nasdaq ETF,stocks
SHORT,2025-07-30 14:55:00-04:00,23450.7499,23526.2501,23299.7499,23526.25,23450.75,75.5,1,2025-07-30 16:00:00-04:00,23526.2501,STOP_LOSS,-75.50020000000222,NQ=F,65.0,9813.498999999989,-186.50100000001112,-35.50060000000667,-151.00040000000445,Nasdaq Futures,futures
SHORT,2025-07-30 14:55:00-04:00,510.67128671875,513.885109765625,504.244040625,513.885009765625,510.67138671875,3.213623046875,20,2025-07-30 15:55:00-04:00,513.885109765625,STOP_LOSS,-64.276460937499,MSFT,60.0,10216.35920263673,216.3592026367278,433.01452197265826,-216.65531933593047,Microsoft,stocks
SHORT,2025-07-30 14:55:00-04:00,23450.2499,23526.5001,23297.7499,23526.5,23450.25,76.25,1,2025-07-30 16:00:00-04:00,23526.5001,STOP_LOSS,-76.25020000000222,MNQ=F,65.0,9886.999199999991,-113.0008000000089,-36.75060000000667,-76.25020000000222,Micro Nasdaq,futures
LONG,2025-07-30 15:55:00-04:00,513.885109765625,510.67128671875,520.312355859375,513.885009765625,510.67138671875,3.213623046875,19,2025-07-30 16:00:00-04:00,520.312355859375,TAKE_PROFIT,122.11767578125,MSFT,5.0,10338.47687841798,338.4768784179778,433.01452197265826,-94.53764355468047,Microsoft,stocks
LONG,2025-07-30 16:00:00-04:00,569.1100853515625,567.26991953125,572.7900169921875,569.1099853515625,567.27001953125,1.8399658203125,17,2025-07-30 16:10:00-04:00,572.7900169921875,TAKE_PROFIT,62.558837890625,QQQ,10.0,10025.857748730472,25.857748730475578,101.31564873047046,-75.45789999999488,Nasdaq ETF,stocks
LONG,2025-07-30 16:00:00-04:00,231.80010305175782,230.62749399414065,234.14492116699213,231.8000030517578,230.62759399414065,1.172409057617159,42,2025-07-30 16:05:00-04:00,230.62749399414065,STOP_LOSS,-49.24958041992096,AMZN,5.0,9816.600870166025,-183.39912983397767,-84.89996899413575,-98.49916083984192,Amazon,stocks
LONG,2025-07-30 16:00:00-04:00,23526.2501,23450.7499,23677.2501,23526.25,23450.75,75.5,1,2025-07-30 16:10:00-04:00,23677.2501,TAKE_PROFIT,151.0,NQ=F,10.0,9964.498999999989,-35.50100000001112,-35.50060000000667,-0.0004000000044470653,Nasdaq Futures,futures
LONG,2025-07-30 16:00:00-04:00,23526.5001,23450.2499,23679.0001,23526.5,23450.25,76.25,1,2025-07-30 16:10:00-04:00,23679.0001,TAKE_PROFIT,152.5,MNQ=F,10.0,10039.499199999991,39.499199999991106,39.499199999991106,0.0,Micro Nasdaq,futures
SHORT,2025-07-30 17:00:00-04:00,195.33989633789065,196.79509816894532,192.42989267578133,196.7949981689453,195.33999633789065,1.455001831054659,48,2025-07-30 17:05:00-04:00,192.42989267578133,TAKE_PROFIT,139.68017578124727,GOOGL,5.0,9677.573394921863,-322.4266050781324,-99.18618940429624,-223.24041567383617,Google,stocks
LONG,2025-07-30 17:10:00-04:00,324.4499901367187,319.9999,333.3497704101562,324.44989013671875,320.0,4.44989013671875,22,2025-07-30 17:15:00-04:00,319.9999,STOP_LOSS,-97.9019830078114,TSLA,5.0,9985.413251464855,-14.586748535148217,488.22672919922206,-502.8134777343703,Tesla,stocks
SHORT,2025-07-30 17:15:00-04:00,319.9999,324.4499901367187,311.1001197265625,324.44989013671875,320.0,4.44989013671875,22,2025-07-30 17:20:00-04:00,324.4499901367187,STOP_LOSS,-97.9019830078114,TSLA,5.0,9887.511268457045,-112.48873154295961,488.22672919922206,-600.7154607421817,Tesla,stocks
SHORT,2025-07-31 09:55:00-04:00,3353.699851171875,3362.0001,3337.099753515625,3362.0,3353.699951171875,8.300048828125,3,2025-07-31 21:40:00-04:00,3337.099753515625,TAKE_PROFIT,49.80029296875,GC=F,705.0,10213.899567187496,213.89956718749636,213.89956718749636,0.0,Gold,commodities
SHORT,2025-07-31 09:55:00-04:00,538.22988046875,555.4501122070312,503.7898169921875,555.4500122070312,538.22998046875,17.22003173828125,6,2025-07-31 16:55:00-04:00,555.4501122070312,STOP_LOSS,-103.3213904296872,MSFT,420.0,10235.155487988293,235.1554879882906,433.01452197265826,-197.85903398436767,Microsoft,stocks
SHORT,2025-07-31 10:00:00-04:00,303.8899146484375,304.6100853515625,302.4499732421875,304.6099853515625,303.8900146484375,0.719970703125,33,2025-08-01 09:50:00-04:00,304.6100853515625,STOP_LOSS,-23.765633203123343,GLD,1430.0,10019.885022021494,19.88502202149317,114.90848037109441,-95.02345834960124,Gold ETF,commodities
LONG,2025-07-31 10:10:00-04:00,209.4500969482422,207.82489694824218,212.7000969482422,209.4499969482422,207.8249969482422,1.625,46,2025-07-31 14:15:00-04:00,207.82489694824218,STOP_LOSS,-74.7592000000003,AAPL,245.0,9713.194970458979,-286.8050295410211,-24.73254565429633,-262.07248388672474,Apple,stocks
SHORT,2025-07-31 10:45:00-04:00,23609.4999,23752.0001,23324.4999,23752.0,23609.5,142.5,1,2025-07-31 14:15:00-04:00,23324.4999,TAKE_PROFIT,285.0,NQ=F,210.0,10249.498999999989,249.49899999998888,249.49899999998888,0.0,Nasdaq Futures,futures
SHORT,2025-07-31 10:45:00-04:00,571.1999122070313,574.580178125,564.4397803710938,574.580078125,571.2000122070312,3.38006591796875,17,2025-07-31 14:15:00-04:00,564.4397803710938,TAKE_PROFIT,114.9222412109375,QQQ,210.0,10140.77998994141,140.77998994141308,140.77998994141308,0.0,Nasdaq ETF,stocks
SHORT,2025-07-31 10:45:00-04:00,23608.2499,23752.2501,23320.2499,23752.25,23608.25,144.0,1,2025-07-31 14:15:00-04:00,23320.2499,TAKE_PROFIT,288.0,MNQ=F,210.0,10327.499199999991,327.4991999999911,327.4991999999911,0.0,Micro Nasdaq,futures
SHORT,2025-07-31 10:50:00-04:00,637.6899024414063,639.7501,633.5699073242188,639.75,637.6900024414062,2.05999755859375,15,2025-07-31 13:50:00-04:00,633.5699073242188,TAKE_PROFIT,61.7999267578125,SPY,180.0,10057.273109863292,57.27310986328803,57.27310986328803,0.0,S&P 500 ETF,stocks
SHORT,2025-07-31 10:55:00-04:00,191.93990244140625,195.9901054931641,183.83989633789056,195.9900054931641,191.94000244140625,4.050003051757841,23,2025-07-31 16:45:00-04:00,195.9901054931641,STOP_LOSS,-93.1546701904305,GOOGL,350.0,9584.418724731433,-415.5812752685629,-99.18618940429624,-316.39508586426666,Google,stocks
LONG,2025-07-31 12:25:00-04:00,235.92009816894532,231.3998938964844,244.96010671386713,235.9199981689453,231.3999938964844,4.520004272460909,21,2025-07-31 16:00:00-04:00,231.3998938964844,STOP_LOSS,-94.92428972167923,AMZN,215.0,9721.676580444346,-278.32341955565687,-84.89996899413575,-193.42345056152112,Amazon,stocks
SHORT,2025-07-31 15:50:00-04:00,207.82489694824218,209.4500969482422,204.57489694824218,209.4499969482422,207.8249969482422,1.625,46,2025-07-31 16:05:00-04:00,209.4500969482422,STOP_LOSS,-74.7592000000003,AAPL,15.0,9638.435770458978,-361.5642295410214,-24.73254565429633,-336.83168388672505,Apple,stocks
SHORT,2025-07-31 16:05:00-04:00,231.3998938964844,235.92009816894532,222.35988535156258,235.9199981689453,231.3999938964844,4.520004272460909,21,2025-07-31 16:50:00-04:00,222.35988535156258,TAKE_PROFIT,189.84017944335818,AMZN,45.0,9911.516759887703,-88.48324011229869,-84.89996899413575,-3.5832711181629406,Amazon,stocks
LONG,2025-07-31 16:20:00-04:00,209.4500969482422,207.82489694824218,212.7000969482422,209.4499969482422,207.8249969482422,1.625,46,2025-07-31 16:30:00-04:00,207.82489694824218,STOP_LOSS,-74.7592000000003,AAPL,10.0,9563.676570458978,-436.3234295410217,-24.73254565429633,-411.59088388672535,Apple,stocks
SHORT,2025-07-31 18:20:00-04:00,538.22988046875,555.4501122070312,503.7898169921875,555.4500122070312,538.22998046875,17.22003173828125,5,2025-08-01 17:10:00-04:00,503.7898169921875,TAKE_PROFIT,172.2003173828125,MSFT,1370.0,10407.355805371106,407.3558053711031,433.01452197265826,-25.65871660155517,Microsoft,stocks
LONG,2025-08-01 00:25:00+01:00,1.1419131589889526,1.1409315036773682,1.1434764696121216,1.1418131589889526,1.1410315036773682,0.0007816553115844727,8782,2025-08-01 02:50:00+01:00,1.1409315036773682,STOP_LOSS,-8.620896946334646,EURUSD=X,145.0,10019.789733546066,19.789733546066667,28.410630492401314,-8.620896946334646,EUR/USD,forex
SHORT,2025-08-01 02:50:00+01:00,1.1409315036773682,1.1419131589889526,1.1393681930541992,1.1418131589889526,1.1410315036773682,0.0007816553115844727,8782,2025-08-01 04:05:00+01:00,1.1419131589889526,STOP_LOSS,-8.620896946334646,EURUSD=X,75.0,10011.16883659973,11.168836599732021,28.410630492401314,-17.241793892669293,EUR/USD,forex
LONG,2025-08-01 04:05:00+01:00,1.1419131589889526,1.1409315036773682,1.1434764696121216,1.1418131589889526,1.1410315036773682,0.0007816553115844727,8767,2025-08-01 06:50:00+01:00,1.1434764696121216,TAKE_PROFIT,13.705544233322144,EURUSD=X,165.0,10024.874380833053,24.874380833054165,28.410630492401314,-3.536249659347149,EUR/USD,forex
SHORT,2025-08-01 09:50:00-04:00,301.82988657226565,308.7599876953125,287.9700843261719,308.7598876953125,301.8299865722656,6.929901123046875,14,2025-08-01 11:45:00-04:00,308.7599876953125,STOP_LOSS,-97.02141572265555,TSLA,115.0,9790.48985273439,-209.51014726561516,488.22672919922206,-697.7368764648372,Tesla,stocks
SHORT,2025-08-01 10:00:00-04:00,553.47988046875,559.0195091796875,542.401023046875,559.0194091796875,553.47998046875,5.5394287109375,18,2025-08-01 17:15:00-04:00,542.401023046875,TAKE_PROFIT,199.41943359375,QQQ,435.0,10340.19942353516,340.1994235351631,340.1994235351631,0.0,Nasdaq ETF,stocks
SHORT,2025-08-01 10:00:00-04:00,621.3098975585938,626.3401268554687,611.2498389648438,626.3400268554688,621.3099975585938,5.030029296875,16,2025-08-01 17:15:00-04:00,611.2498389648438,TAKE_PROFIT,160.9609375,SPY,435.0,10218.234047363292,218.23404736328803,218.23404736328803,0.0,S&P 500 ETF,stocks
SHORT,2025-08-01 10:00:00-04:00,22865.2499,23095.5001,22404.7499,23095.5,22865.25,230.25,1,2025-08-04 09:50:00-04:00,23095.5001,STOP_LOSS,-230.25020000000222,MNQ=F,4310.0,10097.248999999989,97.24899999998888,327.4991999999911,-230.25020000000222,Micro Nasdaq,futures
SHORT,2025-08-01 10:00:00-04:00,206.71990122070312,213.5801018310547,192.9999,213.5800018310547,206.72000122070312,6.8600006103515625,13,2025-08-01 17:25:00-04:00,213.5801018310547,STOP_LOSS,-89.1826079345704,AAPL,445.0,9474.493962524408,-525.5060374755922,-24.73254565429633,-500.7734918212958,Apple,stocks
SHORT,2025-08-01 10:00:00-04:00,22863.9999,23095.5001,22400.9999,23095.5,22864.0,231.5,1,2025-08-04 09:50:00-04:00,23095.5001,STOP_LOSS,-231.50020000000222,NQ=F,4310.0,10017.998799999987,17.99879999998666,249.49899999998888,-231.50020000000222,Nasdaq Futures,futures
SHORT,2025-08-01 11:00:00-04:00,216.2699958251953,220.43999562988282,207.9303962158203,220.4398956298828,216.2700958251953,4.1697998046875,23,2025-08-01 17:40:00-04:00,220.43999562988282,STOP_LOSS,-95.90999550781265,AMZN,400.0,9815.60676437989,-184.39323562011134,-84.89996899413575,-99.4932666259756,Amazon,stocks
LONG,2025-08-01 12:00:00-04:00,308.7599876953125,301.82988657226565,322.6197899414062,308.7598876953125,301.8299865722656,6.929901123046875,14,2025-08-01 14:10:00-04:00,301.82988657226565,STOP_LOSS,-97.02141572265555,TSLA,130.0,9693.468437011736,-306.5315629882707,488.22672919922206,-794.7582921874928,Tesla,stocks
SHORT,2025-08-01 12:20:00-04:00,3394.9999,3406.90000234375,3371.2000953125,3406.89990234375,3395.0,11.89990234375,3,2025-08-01 15:30:00-04:00,3406.90000234375,STOP_LOSS,-35.700307031251214,GC=F,190.0,10178.199260156245,178.19926015624515,213.89956718749636,-35.700307031251214,Gold,commodities
SHORT,2025-08-01 12:25:00-04:00,307.72991098632815,308.77008901367185,305.64995493164065,308.7699890136719,307.7300109863281,1.03997802734375,32,2025-08-01 15:30:00-04:00,308.77008901367185,STOP_LOSS,-33.28569687499839,GLD,185.0,9986.599325146495,-13.400674853505222,114.90848037109441,-128.30915522459964,Gold ETF,commodities
SHORT,2025-08-01 12:50:00-04:00,188.42989267578125,190.82010732421875,183.64986337890625,190.82000732421875,188.42999267578125,2.3900146484375,40,2025-08-01 17:10:00-04:00,183.64986337890625,TAKE_PROFIT,191.201171875,GOOGL,260.0,9775.619896606433,-224.38010339356288,-99.18618940429624,-125.19391398926663,Google,stocks
SHORT,2025-08-01 14:10:00-04:00,301.82988657226565,308.7599876953125,287.9700843261719,308.7598876953125,301.8299865722656,6.929901123046875,13,2025-08-01 17:10:00-04:00,308.7599876953125,STOP_LOSS,-90.09131459960872,TSLA,180.0,9603.377122412126,-396.62287758787943,488.22672919922206,-884.8496067871015,Tesla,stocks
LONG,2025-08-01 15:30:00-04:00,308.77008901367185,307.72991098632815,310.85004506835935,308.7699890136719,307.7300109863281,1.03997802734375,32,2025-08-01 17:10:00-04:00,307.72991098632815,STOP_LOSS,-33.28569687499839,GLD,100.0,9953.313628271497,-46.686371728503616,114.90848037109441,-161.59485209959803,Gold ETF,commodities
LONG,2025-08-01 15:30:00-04:00,3406.90000234375,3394.9999,3430.69980703125,3406.89990234375,3395.0,11.89990234375,2,2025-08-04 09:50:00-04:00,3430.69980703125,TAKE_PROFIT,47.599609375,GC=F,3980.0,10225.798869531245,225.79886953124515,225.79886953124515,0.0,Gold,commodities
SHORT,2025-08-01 17:25:00-04:00,188.42989267578125,190.82010732421875,183.64986337890625,190.82000732421875,188.42999267578125,2.3900146484375,40,2025-08-04 09:50:00-04:00,190.82010732421875,STOP_LOSS,-95.60858593750027,GOOGL,3865.0,9680.011310668933,-319.98868933106314,-99.18618940429624,-220.8024999267669,Google,stocks
SHORT,2025-08-01 17:30:00-04:00,307.72991098632815,308.77008901367185,305.64995493164065,308.7699890136719,307.7300109863281,1.03997802734375,32,2025-08-01 17:35:00-04:00,308.77008901367185,STOP_LOSS,-33.28569687499839,GLD,5.0,9920.027931396498,-79.97206860350201,114.90848037109441,-194.88054897459642,Gold ETF,commodities
LONG,2025-08-01 17:40:00-04:00,220.43999562988282,216.2699958251953,228.77959523925782,220.4398956298828,216.2700958251953,4.1697998046875,23,2025-08-01 17:45:00-04:00,216.2699958251953,STOP_LOSS,-95.90999550781265,AMZN,5.0,9719.696768872078,-280.303231127924,-84.89996899413575,-195.40326213378825,Amazon,stocks
SHORT,2025-08-01 17:45:00-04:00,216.2699958251953,220.43999562988282,207.9303962158203,220.4398956298828,216.2700958251953,4.1697998046875,23,2025-08-04 16:15:00-04:00,220.43999562988282,STOP_LOSS,-95.90999550781265,AMZN,4230.0,9623.786773364265,-376.21322663573665,-84.89996899413575,-291.3132576416009,Amazon,stocks
SHORT,2025-08-01 19:10:00-04:00,553.47988046875,559.0195091796875,542.401023046875,559.0194091796875,553.47998046875,5.5394287109375,18,2025-08-04 09:50:00-04:00,559.0195091796875,STOP_LOSS,-99.7133167968741,QQQ,3760.0,10240.486106738284,240.48610673828898,340.1994235351631,-99.7133167968741,Nasdaq ETF,stocks
SHORT,2025-08-01 19:10:00-04:00,621.3098975585938,626.3401268554687,611.2498389648438,626.3400268554688,621.3099975585938,5.030029296875,16,2025-08-04 09:50:00-04:00,626.3401268554687,STOP_LOSS,-80.4836687499992,SPY,3760.0,10137.750378613293,137.75037861328883,218.23404736328803,-80.4836687499992,S&P 500 ETF,stocks
LONG,2025-08-04 09:50:00-04:00,535.27011953125,528.134909765625,549.5401390625,535.27001953125,528.135009765625,7.135009765625,14,2025-08-04 16:40:00-04:00,528.134909765625,STOP_LOSS,-99.8929367187493,MSFT,410.0,10307.462868652357,307.4628686523538,433.01452197265826,-125.55165332030447,Microsoft,stocks
LONG,2025-08-04 09:50:00-04:00,311.4600914550781,310.6098853515625,313.16010366210935,311.4599914550781,310.6099853515625,0.850006103515625,31,2025-08-04 10:50:00-04:00,310.6098853515625,STOP_LOSS,-26.35638920898282,GLD,60.0,9893.671542187516,-106.32845781248483,114.90848037109441,-221.23693818357924,Gold ETF,commodities
LONG,2025-08-04 09:50:00-04:00,23220.2501,23088.7499,23483.2501,23220.25,23088.75,131.5,1,2025-08-05 16:30:00-04:00,23088.7499,STOP_LOSS,-131.50020000000222,NQ=F,1840.0,9886.498599999984,-113.50140000001556,249.49899999998888,-363.00040000000445,Nasdaq Futures,futures
LONG,2025-08-04 09:50:00-04:00,3436.300148828125,3427.39980234375,3454.100441796875,3436.300048828125,3427.39990234375,8.900146484375,2,2025-08-04 10:45:00-04:00,3427.39980234375,STOP_LOSS,-17.80069296875081,GC=F,55.0,10207.998176562494,207.99817656249434,225.79886953124515,-17.80069296875081,Gold,commodities
LONG,2025-08-04 09:50:00-04:00,23220.0001,23088.7499,23482.5001,23220.0,23088.75,131.25,1,2025-08-05 16:30:00-04:00,23088.7499,STOP_LOSS,-131.25020000000222,MNQ=F,1840.0,9965.998799999987,-34.00120000001334,327.4991999999911,-361.50040000000445,Micro Nasdaq,futures
LONG,2025-08-04 09:55:00-04:00,628.5701073242187,625.5799170898438,634.5500877929687,628.5700073242188,625.5800170898438,2.989990234375,16,2025-08-04 16:15:00-04:00,625.5799170898438,STOP_LOSS,-47.8430437499992,SPY,380.0,10089.907334863294,89.90733486328963,218.23404736328803,-128.3267124999984,S&P 500 ETF,stocks
LONG,2025-08-04 09:55:00-04:00,193.69010244140625,190.1198951171875,200.83011708984375,193.69000244140625,190.1199951171875,3.57000732421875,27,2025-08-04 16:30:00-04:00,190.1198951171875,STOP_LOSS,-96.39559775390643,GOOGL,395.0,9583.615712915027,-416.38428708496957,-99.18618940429624,-317.1980976806733,Google,stocks
LONG,2025-08-04 09:55:00-04:00,562.2900780273437,558.9499122070313,568.9700096679687,562.2899780273438,558.9500122070312,3.3399658203125,18,2025-08-05 18:00:00-04:00,558.9499122070313,STOP_LOSS,-60.122984765624096,QQQ,1925.0,10180.36312197266,180.36312197266489,340.1994235351631,-159.8363015624982,Nasdaq ETF,stocks
LONG,2025-08-04 09:55:00-04:00,206.1101006103516,204.19490732421875,209.94008718261728,206.1100006103516,204.19500732421875,1.914993286132841,45,2025-08-04 12:20:00-04:00,204.19490732421875,STOP_LOSS,-86.18369787597814,AAPL,145.0,9388.31026464843,-611.6897353515703,-24.73254565429633,-586.957189697274,Apple,stocks
LONG,2025-08-04 10:00:00-04:00,310.5500877929687,305.5500098632813,320.5498436523437,310.54998779296875,305.55010986328125,4.9998779296875,19,2025-08-04 10:45:00-04:00,305.5500098632813,STOP_LOSS,-95.00148066406155,TSLA,45.0,9508.375641748065,-491.624358251941,488.22672919922206,-979.851087451163,Tesla,stocks
SHORT,2025-08-04 10:45:00-04:00,3427.39980234375,3436.300148828125,3409.599509375,3436.300048828125,3427.39990234375,8.900146484375,2,2025-08-05 10:20:00-04:00,3436.300148828125,STOP_LOSS,-17.80069296875081,GC=F,1415.0,10190.197483593744,190.19748359374353,225.79886953124515,-35.60138593750162,Gold,commodities
SHORT,2025-08-04 10:50:00-04:00,310.6098853515625,311.4600914550781,308.9098731445313,311.4599914550781,310.6099853515625,0.850006103515625,31,2025-08-04 16:45:00-04:00,308.9098731445313,TAKE_PROFIT,52.70037841796875,GLD,355.0,9946.371920605485,-53.62807939451608,114.90848037109441,-168.5365597656105,Gold ETF,commodities
SHORT,2025-08-04 10:50:00-04:00,305.5500098632813,310.5500877929687,295.5502540039063,310.54998779296875,305.55010986328125,4.9998779296875,19,2025-08-04 15:15:00-04:00,310.5500877929687,STOP_LOSS,-95.00148066406155,TSLA,265.0,9413.374161084004,-586.6258389160025,488.22672919922206,-1074.8525681152246,Tesla,stocks
SHORT,2025-08-04 12:25:00-04:00,204.19490732421875,206.1101006103516,200.36492075195306,206.1100006103516,204.19500732421875,1.914993286132841,45,2025-08-04 16:10:00-04:00,206.1101006103516,STOP_LOSS,-86.18369787597814,AAPL,225.0,9302.126566772451,-697.8734332275485,-24.73254565429633,-673.1408875732521,Apple,stocks
SHORT,2025-08-04 16:45:00-04:00,310.6098853515625,311.4600914550781,308.9098731445313,311.4599914550781,310.6099853515625,0.850006103515625,32,2025-08-04 16:55:00-04:00,308.9098731445313,TAKE_PROFIT,54.400390625,GLD,10.0,10000.772311230485,0.7723112304839219,114.90848037109441,-114.13616914061049,Gold ETF,commodities
LONG,2025-08-05 01:05:00+01:00,1.1591172052383425,1.1578434871673584,1.1612646413803107,1.1590172052383425,1.1579434871673584,0.0010737180709841088,8648,2025-08-05 01:45:00+01:00,1.1578434871673584,STOP_LOSS,-11.015113877870382,EURUSD=X,40.0,10013.859266955182,13.859266955183783,28.410630492401314,-14.551363537217531,EUR/USD,forex
SHORT,2025-08-05 01:45:00+01:00,1.1578434871673584,1.1591172052383425,1.1556960510253902,1.1590172052383425,1.1579434871673584,0.0010737180709841088,8648,2025-08-05 06:15:00+01:00,1.1556960510253902,TAKE_PROFIT,18.571027755741145,EURUSD=X,270.0,10032.430294710923,32.430294710924926,32.430294710924926,0.0,EUR/USD,forex
LONG,2025-08-05 09:50:00-04:00,215.9807060791016,212.8698951171875,222.20192800292978,215.9806060791016,212.8699951171875,3.110610961914091,30,2025-08-05 16:05:00-04:00,212.8698951171875,STOP_LOSS,-93.32432885742293,AMZN,375.0,9530.462444506842,-469.5375554931596,-84.89996899413575,-384.6375864990238,Amazon,stocks
LONG,2025-08-05 09:50:00-04:00,310.1301048828125,305.4999,319.3901146484375,310.1300048828125,305.5,4.6300048828125,20,2025-08-05 16:40:00-04:00,305.4999,STOP_LOSS,-92.604097656249,TSLA,410.0,9320.770063427755,-679.2299365722515,488.22672919922206,-1167.4566657714736,Tesla,stocks
SHORT,2025-08-05 10:00:00-04:00,631.219870703125,632.605324609375,628.449362890625,632.605224609375,631.219970703125,1.38525390625,15,2025-08-05 10:40:00-04:00,628.449362890625,TAKE_PROFIT,41.5576171875,SPY,40.0,10131.464952050794,131.46495205078963,218.23404736328803,-86.7690953124984,S&P 500 ETF,stocks
SHORT,2025-08-05 10:00:00-04:00,535.029929296875,537.220070703125,530.650046484375,537.219970703125,535.030029296875,2.18994140625,19,2025-08-05 14:20:00-04:00,530.650046484375,TAKE_PROFIT,83.2177734375,MSFT,260.0,10390.680642089857,390.6806420898538,433.01452197265826,-42.33387988280447,Microsoft,stocks
LONG,2025-08-05 10:20:00-04:00,3434.5001,3423.39980234375,3456.7002953125,3434.5,3423.39990234375,11.10009765625,2,2025-08-06 09:50:00-04:00,3423.39980234375,STOP_LOSS,-22.20059531250081,GC=F,1410.0,10167.996888281243,167.99688828124272,225.79886953124515,-57.80198125000243,Gold,commodities
LONG,2025-08-05 10:20:00-04:00,311.2301109863281,310.21990122070315,313.2501305175781,311.2300109863281,310.2200012207031,1.010009765625,32,2025-08-06 09:50:00-04:00,310.21990122070315,STOP_LOSS,-32.32671249999839,GLD,1410.0,9968.445598730486,-31.55440126951447,114.90848037109441,-146.46288164060888,Gold ETF,commodities
LONG,2025-08-05 10:25:00-04:00,204.25919423828125,202.15990366210934,208.45737539062506,204.25909423828125,202.16000366210935,2.0990905761719034,44,2025-08-05 16:10:00-04:00,208.45737539062506,TAKE_PROFIT,184.7199707031275,AAPL,345.0,9486.846537475578,-513.153462524421,-24.73254565429633,-488.42091687012464,Apple,stocks
SHORT,2025-08-05 19:10:00+01:00,1.1578434871673584,1.1591172052383425,1.1556960510253902,1.1590172052383425,1.1579434871673584,0.0010737180709841088,8664,2025-08-06 07:35:00+01:00,1.1591172052383425,STOP_LOSS,-11.035493367006127,EURUSD=X,745.0,10021.394801343917,21.3948013439188,32.430294710924926,-11.035493367006126,EUR/USD,forex
SHORT,2025-08-05 14:50:00-04:00,194.6099006103516,197.85999379882807,188.11011423339863,197.85989379882807,194.6100006103516,3.2498931884764772,29,2025-08-05 17:00:00-04:00,197.85999379882807,STOP_LOSS,-94.25270246581803,GOOGL,130.0,9489.36301044921,-510.6369895507876,-99.18618940429624,-411.45080014649136,Google,stocks
SHORT,2025-08-05 16:50:00-04:00,305.4999,310.1301048828125,296.239890234375,310.1300048828125,305.5,4.6300048828125,20,2025-08-05 16:55:00-04:00,310.1301048828125,STOP_LOSS,-92.604097656249,TSLA,5.0,9228.165965771506,-771.8340342285005,488.22672919922206,-1260.0607634277226,Tesla,stocks
LONG,2025-08-05 17:05:00-04:00,215.9807060791016,212.8698951171875,222.20192800292978,215.9806060791016,212.8699951171875,3.110610961914091,30,2025-08-05 17:10:00-04:00,212.8698951171875,STOP_LOSS,-93.32432885742293,AMZN,5.0,9437.138115649419,-562.8618843505825,-84.89996899413575,-477.96191535644675,Amazon,stocks
SHORT,2025-08-06 09:50:00-04:00,527.1399146484375,531.7001122070312,518.01991953125,531.7000122070312,527.1400146484375,4.55999755859375,19,2025-08-06 16:20:00-04:00,531.7001122070312,STOP_LOSS,-86.6437536132803,MSFT,390.0,10304.036888476578,304.0368884765735,433.01452197265826,-128.97763349608476,Microsoft,stocks
LONG,2025-08-06 09:50:00-04:00,629.6501244140625,628.26991953125,632.4101341796875,629.6500244140625,628.27001953125,1.3800048828125,16,2025-08-06 10:20:00-04:00,628.26991953125,STOP_LOSS,-22.083278124999197,SPY,30.0,10109.381673925795,109.38167392579044,218.23404736328803,-108.85237343749759,S&P 500 ETF,stocks
SHORT,2025-08-06 09:55:00-04:00,194.1698981689453,195.66010366210935,191.18988718261724,195.66000366210935,194.1699981689453,1.490005493164034,48,2025-08-06 11:45:00-04:00,195.66010366210935,STOP_LOSS,-71.52986367187395,GOOGL,110.0,9417.833146777335,-582.1668532226615,-99.18618940429624,-482.9806638183653,Google,stocks
LONG,2025-08-06 10:00:00-04:00,23239.5001,23148.7499,23421.0001,23239.5,23148.75,90.75,1,2025-08-06 14:25:00-04:00,23421.0001,TAKE_PROFIT,181.5,MNQ=F,265.0,10147.498799999987,147.49879999998666,327.4991999999911,-180.00040000000445,Micro Nasdaq,futures
LONG,2025-08-06 10:00:00-04:00,23239.5001,23148.4999,23421.5001,23239.5,23148.5,91.0,1,2025-08-06 14:25:00-04:00,23421.5001,TAKE_PROFIT,182.0,NQ=F,265.0,10068.498599999984,68.49859999998444,249.49899999998888,-181.00040000000445,Nasdaq Futures,futures
LONG,2025-08-06 10:00:00-04:00,562.8050926757812,560.6299048828125,567.1550682617187,562.8049926757812,560.6300048828125,2.17498779296875,18,2025-08-06 14:20:00-04:00,567.1550682617187,TAKE_PROFIT,78.299560546875,QQQ,260.0,10258.662682519534,258.6626825195399,340.1994235351631,-81.53674101562319,Nasdaq ETF,stocks
LONG,2025-08-06 10:05:00-04:00,210.29009328613282,205.58989633789065,219.69008718261713,210.2899932861328,205.58999633789065,4.699996948242159,20,2025-08-06 16:20:00-04:00,205.58989633789065,STOP_LOSS,-94.00393896484331,AAPL,375.0,9392.842598510735,-607.1574014892643,-24.73254565429633,-582.424855834968,Apple,stocks
LONG,2025-08-06 10:05:00-04:00,214.76009450683597,213.81990732421875,216.6400688720704,214.75999450683597,213.82000732421875,0.9399871826172159,43,2025-08-06 10:45:00-04:00,216.6400688720704,TAKE_PROFIT,80.83889770508057,AMZN,40.0,9517.977013354499,-482.02298664550193,-84.89996899413575,-397.1230176513662,Amazon,stocks
LONG,2025-08-06 10:10:00-04:00,310.41010366210935,309.83989633789065,311.55011831054685,310.4100036621094,309.8399963378906,0.57000732421875,32,2025-08-07 09:50:00-04:00,311.55011831054685,TAKE_PROFIT,36.48046875,GLD,1420.0,10004.926067480486,4.9260674804855284,114.90848037109441,-109.98241289060888,Gold ETF,commodities
LONG,2025-08-06 10:35:00-04:00,629.6501244140625,628.26991953125,632.4101341796875,629.6500244140625,628.27001953125,1.3800048828125,16,2025-08-06 11:30:00-04:00,632.4101341796875,TAKE_PROFIT,44.16015625,SPY,55.0,10153.541830175795,153.54183017579044,218.23404736328803,-64.69221718749759,S&P 500 ETF,stocks
LONG,2025-08-06 10:40:00-04:00,317.3501061035156,306.9344092773437,338.18109975585946,317.3500061035156,306.9345092773437,10.415496826171932,8,2025-08-06 16:45:00-04:00,306.9344092773437,STOP_LOSS,-83.32557460937505,TSLA,365.0,9144.840391162132,-855.1596088378756,488.22672919922206,-1343.3863380370976,Tesla,stocks
LONG,2025-08-06 11:45:00-04:00,195.66010366210935,194.1698981689453,198.64011464843742,195.66000366210935,194.1699981689453,1.490005493164034,48,2025-08-06 16:35:00-04:00,194.1698981689453,STOP_LOSS,-71.52986367187395,GOOGL,290.0,9346.30328310546,-653.6967168945355,-99.18618940429624,-554.5105274902393,Google,stocks
LONG,2025-08-06 17:40:00-04:00,195.66010366210935,194.1698981689453,198.64011464843742,195.66000366210935,194.1699981689453,1.490005493164034,47,2025-08-07 17:00:00-04:00,198.64011464843742,TAKE_PROFIT,140.0605163574192,GOOGL,1400.0,9486.36379946288,-513.6362005371163,-99.18618940429624,-414.4500111328201,Google,stocks
LONG,2025-08-07 09:50:00-04:00,224.72010122070313,220.94989694824218,232.260109765625,224.72000122070312,220.9499969482422,3.7700042724609375,25,2025-08-07 14:10:00-04:00,220.94989694824218,STOP_LOSS,-94.2551068115236,AMZN,260.0,9423.721906542974,-576.2780934570255,-84.89996899413575,-491.3781244628898,Amazon,stocks
LONG,2025-08-07 09:55:00-04:00,23648.0001,23569.9999,23804.0001,23648.0,23570.0,78.0,1,2025-08-07 10:20:00-04:00,23569.9999,STOP_LOSS,-78.00020000000222,NQ=F,25.0,9990.498399999982,-9.501600000017788,249.49899999998888,-259.00060000000667,Nasdaq Futures,futures
LONG,2025-08-07 09:55:00-04:00,23648.0001,23569.4999,23805.0001,23648.0,23569.5,78.5,1,2025-08-07 10:20:00-04:00,23569.4999,STOP_LOSS,-78.50020000000222,MNQ=F,25.0,10068.998599999984,68.99859999998444,327.4991999999911,-258.50060000000667,Micro Nasdaq,futures
SHORT,2025-08-07 09:55:00-04:00,311.71990122070315,312.490090234375,310.1799231933594,312.489990234375,311.7200012207031,0.769989013671875,32,2025-08-07 15:30:00-04:00,312.490090234375,STOP_LOSS,-24.646048437498393,GLD,335.0,9980.280019042988,-19.719980957012865,114.90848037109441,-134.62846132810728,Gold ETF,commodities
SHORT,2025-08-07 09:55:00-04:00,3455.4999,3463.0001,3440.4999,3463.0,3455.5,7.5,2,2025-08-07 10:05:00-04:00,3440.4999,TAKE_PROFIT,30.0,GC=F,10.0,10197.996888281243,197.99688828124272,225.79886953124515,-27.801981250002427,Gold,commodities
LONG,2025-08-07 09:55:00-04:00,572.740090234375,570.8899146484375,576.44004140625,572.739990234375,570.8900146484375,1.8499755859375,17,2025-08-07 10:20:00-04:00,570.8899146484375,STOP_LOSS,-31.452984960936647,QQQ,25.0,10227.209697558597,227.20969755860324,340.1994235351631,-112.98972597655984,Nasdaq ETF,stocks
LONG,2025-08-07 10:00:00-04:00,321.8400963378906,318.09990610351565,329.3200768066406,321.8399963378906,318.1000061035156,3.739990234375,24,2025-08-07 10:50:00-04:00,318.09990610351565,STOP_LOSS,-89.7645656249988,TSLA,50.0,9055.075825537133,-944.9241744628744,488.22672919922206,-1433.1509036620964,Tesla,stocks
SHORT,2025-08-07 10:05:00-04:00,635.2998267578125,636.98008046875,631.9397193359375,636.97998046875,635.2999267578125,1.6800537109375,15,2025-08-07 11:15:00-04:00,631.9397193359375,TAKE_PROFIT,50.401611328125,SPY,70.0,10203.94344150392,203.94344150391544,218.23404736328803,-14.29060585937259,S&P 500 ETF,stocks
SHORT,2025-08-07 10:20:00-04:00,23569.9999,23648.0001,23413.9999,23648.0,23570.0,78.0,1,2025-08-07 12:40:00-04:00,23413.9999,TAKE_PROFIT,156.0,NQ=F,140.0,10146.498399999982,146.4983999999822,249.49899999998888,-103.00060000000667,Nasdaq Futures,futures
SHORT,2025-08-07 10:20:00-04:00,23569.4999,23648.0001,23412.4999,23648.0,23569.5,78.5,1,2025-08-07 12:40:00-04:00,23412.4999,TAKE_PROFIT,157.0,MNQ=F,140.0,10225.998599999984,225.99859999998444,327.4991999999911,-101.50060000000667,Micro Nasdaq,futures
SHORT,2025-08-07 10:20:00-04:00,570.8899146484375,572.740090234375,567.1899634765625,572.739990234375,570.8900146484375,1.8499755859375,17,2025-08-07 12:40:00-04:00,567.1899634765625,TAKE_PROFIT,62.899169921875,QQQ,140.0,10290.108867480472,290.10886748047824,340.1994235351631,-50.09055605468484,Nasdaq ETF,stocks
SHORT,2025-08-07 15:45:00+01:00,1.16215004196167,1.1632964445114136,1.1602572368621826,1.1631964445114136,1.16225004196167,0.0009464025497436523,8623,2025-08-07 16:15:00+01:00,1.1632964445114136,STOP_LOSS,-9.885429186439325,EURUSD=X,30.0,10011.509372157478,11.509372157479476,32.430294710924926,-20.92092255344545,EUR/USD,forex
LONG,2025-08-07 16:15:00+01:00,1.1632964445114136,1.16215004196167,1.1651892496109009,1.1631964445114136,1.16225004196167,0.0009464025497436523,8606,2025-08-07 20:40:00+01:00,1.1651892496109009,TAKE_PROFIT,16.289480686187744,EURUSD=X,265.0,10027.798852843665,27.79885284366722,32.430294710924926,-4.631441867257706,EUR/USD,forex
SHORT,2025-08-07 11:25:00-04:00,318.09990610351565,321.8400963378906,310.61992563476565,321.8399963378906,318.1000061035156,3.739990234375,24,2025-08-07 15:50:00-04:00,321.8400963378906,STOP_LOSS,-89.7645656249988,TSLA,265.0,8965.311259912134,-1034.6887400878732,488.22672919922206,-1522.9154692870952,Tesla,stocks
LONG,2025-08-07 11:30:00-04:00,219.8501061035156,216.57990183105468,226.39011464843742,219.8500061035156,216.5800018310547,3.270004272460909,28,2025-08-07 13:05:00-04:00,216.57990183105468,STOP_LOSS,-91.56571962890564,AAPL,95.0,9301.27687888183,-698.72312111817,-24.73254565429633,-673.9905754638736,Apple,stocks
SHORT,2025-08-07 11:45:00-04:00,523.51991953125,528.030129296875,514.4999,528.030029296875,523.52001953125,4.510009765625,19,2025-08-08 16:40:00-04:00,514.4999,TAKE_PROFIT,171.38037109375,MSFT,1735.0,10475.417259570328,475.4172595703235,475.4172595703235,0.0,Microsoft,stocks
SHORT,2025-08-07 13:55:00-04:00,3455.4999,3463.0001,3440.4999,3463.0,3455.5,7.5,2,2025-08-07 15:30:00-04:00,3463.0001,STOP_LOSS,-15.000400000000809,GC=F,95.0,10182.996488281242,182.9964882812419,225.79886953124515,-42.802381250003236,Gold,commodities
LONG,2025-08-07 14:45:00-04:00,219.8501061035156,216.57990183105468,226.39011464843742,219.8500061035156,216.5800018310547,3.270004272460909,28,2025-08-07 17:10:00-04:00,216.57990183105468,STOP_LOSS,-91.56571962890564,AAPL,145.0,9209.711159252925,-790.2888407470756,-24.73254565429633,-765.5562950927792,Apple,stocks
LONG,2025-08-07 15:30:00-04:00,312.490090234375,311.71990122070315,314.0300682617187,312.489990234375,311.7200012207031,0.769989013671875,31,2025-08-07 16:55:00-04:00,311.71990122070315,STOP_LOSS,-23.87585942382657,GLD,85.0,9956.404159619162,-43.595840380839434,114.90848037109441,-158.50432075193385,Gold ETF,commodities
LONG,2025-08-07 15:30:00-04:00,3463.0001,3455.4999,3478.0001,3463.0,3455.5,7.5,2,2025-08-07 16:40:00-04:00,3478.0001,TAKE_PROFIT,30.0,GC=F,70.0,10212.996488281242,212.9964882812419,225.79886953124515,-12.802381250003236,Gold,commodities
LONG,2025-08-07 15:55:00-04:00,321.8400963378906,318.09990610351565,329.3200768066406,321.8399963378906,318.1000061035156,3.739990234375,23,2025-08-07 16:45:00-04:00,318.09990610351565,STOP_LOSS,-86.02437539062385,TSLA,50.0,8879.28688452151,-1120.713115478497,488.22672919922206,-1608.939844677719,Tesla,stocks
SHORT,2025-08-07 17:10:00-04:00,220.94989694824218,224.72010122070313,213.4098884033203,224.72000122070312,220.9499969482422,3.7700042724609375,24,2025-08-08 16:40:00-04:00,224.72010122070313,STOP_LOSS,-90.48490253906266,AMZN,1410.0,9333.237004003911,-666.7629959960882,-84.89996899413575,-581.8630270019524,Amazon,stocks
LONG,2025-08-07 18:15:00-04:00,312.490090234375,311.71990122070315,314.0300682617187,312.489990234375,311.7200012207031,0.769989013671875,31,2025-08-07 19:10:00-04:00,314.0300682617187,TAKE_PROFIT,47.73931884765625,GLD,55.0,10004.143478466818,4.143478466816816,114.90848037109441,-110.7650019042776,Gold ETF,commodities
SHORT,2025-08-07 20:50:00-04:00,23569.4999,23648.0001,23412.4999,23648.0,23569.5,78.5,1,2025-08-08 09:55:00-04:00,23648.0001,STOP_LOSS,-78.50020000000222,MNQ=F,785.0,10147.498399999982,147.4983999999822,327.4991999999911,-180.0008000000089,Micro Nasdaq,futures
SHORT,2025-08-07 20:50:00-04:00,23569.9999,23648.0001,23413.9999,23648.0,23570.0,78.0,1,2025-08-08 09:55:00-04:00,23648.0001,STOP_LOSS,-78.00020000000222,NQ=F,785.0,10068.49819999998,68.49819999997999,249.49899999998888,-181.0008000000089,Nasdaq Futures,futures
LONG,2025-08-08 02:45:00+01:00,1.16614483127594,1.164858119392395,1.1683182550430298,1.16604483127594,1.164958119392395,0.0010867118835449219,8599,2025-08-08 06:25:00+01:00,1.164858119392395,STOP_LOSS,-11.064435486602594,EURUSD=X,220.0,10016.734417357064,16.734417357064626,32.430294710924926,-15.6958773538603,EUR/USD,forex
SHORT,2025-08-08 06:25:00+01:00,1.164858119392395,1.16614483127594,1.1626846956253052,1.16604483127594,1.164958119392395,0.0010867118835449219,8599,2025-08-08 08:05:00+01:00,1.16614483127594,STOP_LOSS,-11.064435486602594,EURUSD=X,100.0,10005.669981870462,5.669981870462031,32.430294710924926,-26.760312840462895,EUR/USD,forex
LONG,2025-08-08 08:30:00+01:00,1.16614483127594,1.164858119392395,1.1683182550430298,1.16604483127594,1.164958119392395,0.0010867118835449219,8580,2025-08-08 09:40:00+01:00,1.164858119392395,STOP_LOSS,-11.03998796081524,EURUSD=X,70.0,9994.629993909646,-5.370006090353209,32.430294710924926,-37.800300801278134,EUR/USD,forex
LONG,2025-08-08 09:50:00-04:00,329.7001122070312,320.97991098632815,347.1401146484375,329.70001220703125,320.9800109863281,8.720001220703125,10,2025-08-08 17:00:00-04:00,320.97991098632815,STOP_LOSS,-87.20201220703075,TSLA,430.0,8792.08487231448,-1207.9151276855278,488.22672919922206,-1696.1418568847498,Tesla,stocks
LONG,2025-08-08 09:50:00-04:00,3495.800148828125,3479.89980234375,3527.600441796875,3495.800048828125,3479.89990234375,15.900146484375,2,2025-08-08 10:05:00-04:00,3479.89980234375,STOP_LOSS,-31.80069296875081,GC=F,15.0,10181.195795312491,181.1957953124911,225.79886953124515,-44.603074218754045,Gold,commodities
LONG,2025-08-08 09:55:00-04:00,199.94010244140625,197.18990244140625,205.44010244140625,199.94000244140625,197.19000244140625,2.75,34,2025-08-08 17:00:00-04:00,205.44010244140625,TAKE_PROFIT,187.0,GOOGL,425.0,9673.36379946288,-326.63620053711634,-99.18618940429624,-227.4500111328201,Google,stocks
LONG,2025-08-08 09:55:00-04:00,635.5001,633.739890234375,639.02011953125,635.5,633.739990234375,1.760009765625,16,2025-08-08 16:05:00-04:00,633.739890234375,STOP_LOSS,-28.163356249999197,SPY,370.0,10175.78008525392,175.78008525391624,218.23404736328803,-42.45396210937179,S&P 500 ETF,stocks
LONG,2025-08-08 09:55:00-04:00,221.01009450683597,219.2499,224.5300835205079,221.00999450683597,219.25,1.759994506835966,41,2025-08-08 11:25:00-04:00,224.5300835205079,TAKE_PROFIT,144.3195495605492,AAPL,90.0,9354.030708813474,-645.9692911865263,-24.73254565429633,-621.23674553223,Apple,stocks
LONG,2025-08-08 10:00:00-04:00,23644.5001,23529.9999,23873.5001,23644.5,23530.0,114.5,1,2025-08-12 12:20:00-04:00,23873.5001,TAKE_PROFIT,229.0,NQ=F,5900.0,10297.49819999998,297.49819999998,297.49819999998,0.0,Nasdaq Futures,futures
LONG,2025-08-08 10:00:00-04:00,23644.5001,23529.9999,23873.5001,23644.5,23530.0,114.5,1,2025-08-12 11:55:00-04:00,23873.5001,TAKE_PROFIT,229.0,MNQ=F,5875.0,10376.498399999982,376.4983999999822,376.4983999999822,0.0,Micro Nasdaq,futures
LONG,2025-08-08 10:00:00-04:00,572.8600853515625,570.154929296875,578.2699974609375,572.8599853515625,570.155029296875,2.7049560546875,17,2025-08-12 11:55:00-04:00,578.2699974609375,TAKE_PROFIT,91.968505859375,QQQ,5875.0,10382.077373339847,382.07737333985324,382.07737333985324,0.0,Nasdaq ETF,stocks
SHORT,2025-08-08 10:05:00-04:00,312.09990610351565,313.0001,310.2999183105469,313.0,312.1000061035156,0.899993896484375,32,2025-08-08 12:30:00-04:00,313.0001,STOP_LOSS,-28.806204687498393,GLD,145.0,9975.33727377932,-24.662726220681577,114.90848037109441,-139.571206591776,Gold ETF,commodities
LONG,2025-08-08 12:30:00-04:00,313.0001,312.09990610351565,314.8000877929687,313.0,312.1000061035156,0.899993896484375,31,2025-08-08 13:55:00-04:00,312.09990610351565,STOP_LOSS,-27.90601079101407,GLD,85.0,9947.431262988306,-52.568737011695646,114.90848037109441,-167.47721738279006,Gold ETF,commodities
SHORT,2025-08-08 13:55:00-04:00,312.09990610351565,313.0001,310.2999183105469,313.0,312.1000061035156,0.899993896484375,31,2025-08-08 14:05:00-04:00,313.0001,STOP_LOSS,-27.90601079101407,GLD,10.0,9919.525252197293,-80.47474780270971,114.90848037109441,-195.38322817380413,Gold ETF,commodities
SHORT,2025-08-08 13:55:00-04:00,3479.89980234375,3495.800148828125,3448.099509375,3495.800048828125,3479.89990234375,15.900146484375,2,2025-08-08 14:00:00-04:00,3448.099509375,TAKE_PROFIT,63.6005859375,GC=F,5.0,10244.796381249991,244.7963812499911,244.7963812499911,0.0,Gold,commodities
SHORT,2025-08-08 16:45:00-04:00,522.2998877929688,524.4816063476562,517.9368506835938,524.4815063476562,522.2999877929688,2.1815185546875,20,2025-08-08 16:55:00-04:00,517.9368506835938,TAKE_PROFIT,87.2607421875,MSFT,10.0,10562.678001757828,562.6780017578235,562.6780017578235,0.0,Microsoft,stocks
LONG,2025-08-08 17:10:00-04:00,329.7001122070312,320.97991098632815,347.1401146484375,329.70001220703125,320.9800109863281,8.720001220703125,10,2025-08-08 17:30:00-04:00,320.97991098632815,STOP_LOSS,-87.20201220703075,TSLA,20.0,8704.88286010745,-1295.1171398925585,488.22672919922206,-1783.3438690917806,Tesla,stocks
LONG,2025-08-08 17:55:00-04:00,329.7001122070312,320.97991098632815,347.1401146484375,329.70001220703125,320.9800109863281,8.720001220703125,9,2025-08-11 16:50:00-04:00,320.97991098632815,STOP_LOSS,-78.48181098632767,TSLA,4255.0,8626.401049121121,-1373.5989508788862,488.22672919922206,-1861.8256800781082,Tesla,stocks
SHORT,2025-08-11 09:50:00-04:00,220.7748938964844,223.05010305175782,216.22487558593758,223.0500030517578,220.7749938964844,2.275009155273409,41,2025-08-11 16:40:00-04:00,216.22487558593758,TAKE_PROFIT,186.55075073241954,AMZN,410.0,9519.787754736331,-480.21224526366865,-84.89996899413575,-395.3122762695329,Amazon,stocks
LONG,2025-08-11 09:55:00-04:00,522.8301170898437,519.719870703125,529.0502098632812,522.8300170898438,519.719970703125,3.11004638671875,20,2025-08-11 16:00:00-04:00,519.719870703125,STOP_LOSS,-62.204927734373996,MSFT,365.0,10500.473074023454,500.4730740234495,562.6780017578235,-62.204927734373996,Microsoft,stocks
LONG,2025-08-11 10:10:00-04:00,3415.90000234375,3404.799948828125,3438.099709375,3415.89990234375,3404.800048828125,11.099853515625,2,2025-08-11 10:35:00-04:00,3404.799948828125,STOP_LOSS,-22.20010703125081,GC=F,25.0,10222.59627421874,222.5962742187403,244.7963812499911,-22.20010703125081,Gold,commodities
LONG,2025-08-11 10:15:00-04:00,637.760109765625,636.8808814453125,639.51816640625,637.760009765625,636.8809814453125,0.8790283203125,15,2025-08-11 10:45:00-04:00,636.8808814453125,STOP_LOSS,-13.188424804686747,SPY,30.0,10162.591660449234,162.5916604492295,218.23404736328803,-55.642386914058534,S&P 500 ETF,stocks
SHORT,2025-08-11 10:35:00-04:00,308.4499122070313,309.5001,306.3499366210938,309.5,308.45001220703125,1.04998779296875,32,2025-08-11 16:40:00-04:00,306.3499366210938,TAKE_PROFIT,67.19921875,GLD,365.0,9986.724470947293,-13.275529052709715,114.90848037109441,-128.18400942380413,Gold ETF,commodities
SHORT,2025-08-11 10:35:00-04:00,3404.799948828125,3415.90000234375,3382.600241796875,3415.89990234375,3404.800048828125,11.099853515625,3,2025-08-12 10:15:00-04:00,3382.600241796875,TAKE_PROFIT,66.59912109375,GC=F,1420.0,10289.19539531249,289.1953953124903,289.1953953124903,0.0,Gold,commodities
SHORT,2025-08-11 10:45:00-04:00,636.8808814453125,637.760109765625,635.1228248046875,637.760009765625,636.8809814453125,0.8790283203125,15,2025-08-11 11:55:00-04:00,637.760109765625,STOP_LOSS,-13.188424804686747,SPY,70.0,10149.403235644548,149.40323564454275,218.23404736328803,-68.83081171874528,S&P 500 ETF,stocks
LONG,2025-08-11 11:50:00-04:00,201.18009267578125,199.2349006103516,205.07007680664057,201.17999267578125,199.2350006103516,1.944992065429659,48,2025-08-11 16:50:00-04:00,199.2349006103516,STOP_LOSS,-93.36921914062395,GOOGL,300.0,9579.994580322256,-420.0054196777403,-99.18618940429624,-320.8192302734441,Google,stocks
LONG,2025-08-11 11:55:00-04:00,637.760109765625,636.8808814453125,639.51816640625,637.760009765625,636.8809814453125,0.8790283203125,15,2025-08-11 13:35:00-04:00,636.8808814453125,STOP_LOSS,-13.188424804686747,SPY,100.0,10136.214810839861,136.214810839856,218.23404736328803,-82.01923652343203,S&P 500 ETF,stocks
LONG,2025-08-11 12:00:00-04:00,228.73009572753904,224.7623053955078,236.66527639160148,228.72999572753903,224.7624053955078,3.9675903320312216,23,2025-08-11 16:45:00-04:00,224.7623053955078,STOP_LOSS,-91.25917763671825,AAPL,285.0,9262.771531176755,-737.2284688232446,-24.73254565429633,-712.4959231689483,Apple,stocks
SHORT,2025-08-11 16:00:00-04:00,519.719870703125,522.8301170898437,513.4997779296875,522.8300170898438,519.719970703125,3.11004638671875,20,2025-08-11 16:25:00-04:00,513.4997779296875,TAKE_PROFIT,124.40185546875,MSFT,25.0,10624.874929492204,624.8749294921995,624.8749294921995,0.0,Microsoft,stocks
SHORT,2025-08-11 18:00:00-04:00,308.4499122070313,309.5001,306.3499366210938,309.5,308.45001220703125,1.04998779296875,32,2025-08-12 17:20:00-04:00,306.3499366210938,TAKE_PROFIT,67.19921875,GLD,1400.0,10053.923689697293,53.923689697290285,114.90848037109441,-60.98479067380413,Gold ETF,commodities
SHORT,2025-08-12 00:00:00+01:00,1.16215004196167,1.163161261177063,1.1605276035308838,1.163061261177063,1.16225004196167,0.0008112192153930664,8600,2025-08-12 06:00:00+01:00,1.163161261177063,STOP_LOSS,-8.696485252380182,EURUSD=X,360.0,9985.933508657266,-14.066491342733391,32.430294710924926,-46.49678605365832,EUR/USD,forex
SHORT,2025-08-12 06:35:00+01:00,1.16215004196167,1.163161261177063,1.1605276035308838,1.163061261177063,1.16225004196167,0.0008112192153930664,8592,2025-08-12 10:45:00+01:00,1.1605276035308838,TAKE_PROFIT,13.939990997314453,EURUSD=X,250.0,9999.87349965458,-0.12650034541893795,32.430294710924926,-32.556795056343866,EUR/USD,forex
LONG,2025-08-12 13:30:00+01:00,1.163161261177063,1.16215004196167,1.164783699607849,1.163061261177063,1.16225004196167,0.0008112192153930664,8597,2025-08-12 13:40:00+01:00,1.164783699607849,TAKE_PROFIT,13.948103189468384,EURUSD=X,10.0,10013.82160284405,13.821602844049446,32.430294710924926,-18.608691866875482,EUR/USD,forex
SHORT,2025-08-12 09:55:00-04:00,336.8098975585937,345.260109765625,319.9098731445311,345.260009765625,336.8099975585937,8.450012207031307,10,2025-08-12 16:40:00-04:00,345.260109765625,STOP_LOSS,-84.50212207031257,TSLA,405.0,8541.898927050808,-1458.1010729491986,488.22672919922206,-1946.3278021484207,Tesla,stocks
SHORT,2025-08-12 09:55:00-04:00,637.529929296875,639.8702171875,632.849753515625,639.8701171875,637.530029296875,2.340087890625,15,2025-08-12 10:50:00-04:00,639.8702171875,STOP_LOSS,-35.10431835937425,SPY,55.0,10101.110492480488,101.11049248048175,218.23404736328803,-117.12355488280627,S&P 500 ETF,stocks
SHORT,2025-08-12 10:00:00-04:00,201.2499,204.5001,194.7499,204.5,201.25,3.25,29,2025-08-12 16:15:00-04:00,194.7499,TAKE_PROFIT,188.5,GOOGL,375.0,9768.494580322256,-231.5054196777403,-99.18618940429624,-132.31923027344405,Google,stocks
SHORT,2025-08-12 10:05:00-04:00,523.6899024414063,527.5901268554687,515.8898536132813,527.5900268554688,523.6900024414062,3.9000244140625,20,2025-08-12 12:15:00-04:00,527.5901268554687,STOP_LOSS,-78.004488281249,MSFT,130.0,10546.870441210955,546.8704412109505,624.8749294921995,-78.004488281249,Microsoft,stocks
LONG,2025-08-12 10:55:00-04:00,639.8702171875,637.529929296875,644.55039296875,639.8701171875,637.530029296875,2.340087890625,15,2025-08-13 09:50:00-04:00,644.55039296875,TAKE_PROFIT,70.20263671875,SPY,1375.0,10171.313129199238,171.31312919923175,218.23404736328803,-46.920918164056275,S&P 500 ETF,stocks
LONG,2025-08-12 11:05:00-04:00,229.93999562988282,227.2399054931641,235.33977590332026,229.9398956298828,227.2400054931641,2.6998901367187216,34,2025-08-12 17:10:00-04:00,227.2399054931641,STOP_LOSS,-91.80306464843676,AAPL,365.0,9170.968466528318,-829.0315334716813,-24.73254565429633,-804.298987817385,Apple,stocks
LONG,2025-08-12 12:15:00-04:00,527.5901268554687,523.6899024414063,535.3901756835937,527.5900268554688,523.6900024414062,3.9000244140625,19,2025-08-12 17:10:00-04:00,523.6899024414063,STOP_LOSS,-74.10426386718655,MSFT,295.0,10472.766177343769,472.76617734376396,624.8749294921995,-152.10875214843554,Microsoft,stocks
SHORT,2025-08-12 16:25:00-04:00,201.2499,204.5001,194.7499,204.5,201.25,3.25,30,2025-08-13 16:45:00-04:00,194.7499,TAKE_PROFIT,195.0,GOOGL,1460.0,9963.494580322256,-36.50541967774029,-36.50541967774029,0.0,Google,stocks
LONG,2025-08-13 09:50:00-04:00,3412.300148828125,3405.799948828125,3425.300148828125,3412.300048828125,3405.800048828125,6.5,3,2025-08-13 11:30:00-04:00,3405.799948828125,STOP_LOSS,-19.500600000001214,GC=F,100.0,10269.694795312489,269.6947953124891,289.1953953124903,-19.500600000001214,Gold,commodities
LONG,2025-08-13 09:50:00-04:00,309.760109765625,309.0498877929688,311.1801537109375,309.760009765625,309.04998779296875,0.71002197265625,32,2025-08-13 11:15:00-04:00,309.0498877929688,STOP_LOSS,-22.727103124998393,GLD,85.0,10031.196586572294,31.196586572291892,114.90848037109441,-83.71189379880252,Gold ETF,commodities
LONG,2025-08-13 09:50:00-04:00,645.885109765625,644.489890234375,648.675148828125,645.885009765625,644.489990234375,1.39501953125,15,2025-08-13 10:20:00-04:00,644.489890234375,STOP_LOSS,-20.928292968749247,SPY,30.0,10150.384836230489,150.3848362304825,218.23404736328803,-67.84921113280552,S&P 500 ETF,stocks
SHORT,2025-08-13 09:55:00-04:00,24027.4999,24068.5001,23945.4999,24068.5,24027.5,41.0,1,2025-08-13 10:35:00-04:00,23945.4999,TAKE_PROFIT,82.0,NQ=F,40.0,10379.49819999998,379.49819999998,379.49819999998,0.0,Nasdaq Futures,futures
SHORT,2025-08-13 09:55:00-04:00,582.3498755859375,583.3199852539062,580.41005625,583.3198852539062,582.3499755859375,0.96990966796875,17,2025-08-13 10:25:00-04:00,580.41005625,TAKE_PROFIT,32.9769287109375,QQQ,30.0,10415.054302050785,415.05430205079074,415.05430205079074,0.0,Nasdaq ETF,stocks
SHORT,2025-08-13 09:55:00-04:00,24026.4999,24069.0001,23941.4999,24069.0,24026.5,42.5,1,2025-08-13 10:45:00-04:00,23941.4999,TAKE_PROFIT,85.0,MNQ=F,50.0,10461.498399999982,461.4983999999822,461.4983999999822,0.0,Micro Nasdaq,futures
LONG,2025-08-13 10:10:00-04:00,232.18999562988282,230.42989267578125,235.70980153808594,232.1898956298828,230.42999267578125,1.7599029541015625,39,2025-08-13 16:40:00-04:00,230.42989267578125,STOP_LOSS,-68.6440152099612,AAPL,390.0,9102.324451318358,-897.6755486816426,-24.73254565429633,-872.9430030273462,Apple,stocks
SHORT,2025-08-13 10:25:00-04:00,644.489890234375,645.885109765625,641.699851171875,645.885009765625,644.489990234375,1.39501953125,15,2025-08-13 16:45:00-04:00,645.885109765625,STOP_LOSS,-20.928292968749247,SPY,380.0,10129.45654326174,129.45654326173326,218.23404736328803,-88.77750410155477,S&P 500 ETF,stocks
SHORT,2025-08-13 11:05:00-04:00,528.8905860351563,532.7001122070312,521.2719336914063,532.7000122070312,528.8906860351562,3.809326171875,19,2025-08-13 15:35:00-04:00,521.2719336914063,TAKE_PROFIT,144.75439453125,MSFT,270.0,10617.520571875019,617.520571875014,624.8749294921995,-7.354357617185542,Microsoft,stocks
SHORT,2025-08-13 11:10:00-04:00,340.239890234375,348.9801109863281,322.7598487304688,348.9800109863281,340.239990234375,8.740020751953125,9,2025-08-13 16:40:00-04:00,348.9801109863281,STOP_LOSS,-78.66198676757767,TSLA,330.0,8463.23694028323,-1536.7630597167763,488.22672919922206,-2024.9897889159984,Tesla,stocks
SHORT,2025-08-13 11:25:00-04:00,309.0498877929688,309.760109765625,307.6298438476563,309.760009765625,309.04998779296875,0.71002197265625,32,2025-08-13 16:50:00-04:00,307.6298438476563,TAKE_PROFIT,45.44140625,GLD,325.0,10076.637992822294,76.63799282229189,114.90848037109441,-38.27048754880252,Gold ETF,commodities
SHORT,2025-08-13 13:40:00-04:00,3405.799948828125,3412.300148828125,3392.799948828125,3412.300048828125,3405.800048828125,6.5,3,2025-08-13 19:45:00-04:00,3412.300148828125,STOP_LOSS,-19.500600000001214,GC=F,365.0,10250.194195312488,250.19419531248786,289.1953953124903,-39.00120000000243,Gold,commodities
SHORT,2025-08-13 16:55:00-04:00,644.489890234375,645.885109765625,641.699851171875,645.885009765625,644.489990234375,1.39501953125,15,2025-08-15 16:55:00-04:00,641.699851171875,TAKE_PROFIT,41.8505859375,SPY,2880.0,10171.30712919924,171.30712919923326,218.23404736328803,-46.92691816405477,S&P 500 ETF,stocks
SHORT,2025-08-13 17:00:00-04:00,309.0498877929688,309.760109765625,307.6298438476563,309.760009765625,309.04998779296875,0.71002197265625,32,2025-08-13 19:50:00-04:00,309.760109765625,STOP_LOSS,-22.727103124998393,GLD,170.0,10053.910889697296,53.9108896972935,114.90848037109441,-60.997590673800914,Gold ETF,commodities
LONG,2025-08-13 20:00:00-04:00,3412.300148828125,3405.799948828125,3425.300148828125,3412.300048828125,3405.800048828125,6.5,3,2025-08-13 23:15:00-04:00,3405.799948828125,STOP_LOSS,-19.500600000001214,GC=F,195.0,10230.693595312487,230.69359531248665,289.1953953124903,-58.50180000000364,Gold,commodities
LONG,2025-08-14 03:40:00+01:00,1.1707860065460205,1.1701749729156494,1.1716080738067627,1.1706860065460205,1.1702749729156494,0.00041103363037109375,8553,2025-08-14 06:30:00+01:00,1.1701749729156494,STOP_LOSS,-5.226170640563776,EURUSD=X,170.0,10008.595432203485,8.59543220348567,32.430294710924926,-23.834862507439254,EUR/USD,forex
SHORT,2025-08-14 06:30:00+01:00,1.1701749729156494,1.1707860065460205,1.1693529056549072,1.1706860065460205,1.1702749729156494,0.00041103363037109375,8553,2025-08-14 07:10:00+01:00,1.1707860065460205,STOP_LOSS,-5.226170640563776,EURUSD=X,40.0,10003.36926156292,3.369261562921894,32.430294710924926,-29.061033148003034,EUR/USD,forex
LONG,2025-08-14 07:10:00+01:00,1.1707860065460205,1.1701749729156494,1.1716080738067627,1.1706860065460205,1.1702749729156494,0.00041103363037109375,8544,2025-08-14 07:20:00+01:00,1.1701749729156494,STOP_LOSS,-5.220671337890437,EURUSD=X,10.0,9998.14859022503,-1.851409774968543,32.430294710924926,-34.28170448589347,EUR/USD,forex
LONG,2025-08-14 09:55:00-04:00,23933.7501,23841.2499,24118.7501,23933.75,23841.25,92.5,1,2025-08-15 09:50:00-04:00,23841.2499,STOP_LOSS,-92.50020000000222,NQ=F,1435.0,10286.997999999978,286.99799999997776,379.49819999998,-92.50020000000222,Nasdaq Futures,futures
SHORT,2025-08-14 09:55:00-04:00,3392.89980234375,3398.5001,3381.69960703125,3398.5,3392.89990234375,5.60009765625,3,2025-08-14 12:10:00-04:00,3381.69960703125,TAKE_PROFIT,33.6005859375,GC=F,135.0,10264.294181249987,264.29418124998665,289.1953953124903,-24.90121406250364,Gold,commodities
SHORT,2025-08-14 09:55:00-04:00,307.8799048828125,308.3400963378906,306.9599219726563,308.3399963378906,307.8800048828125,0.459991455078125,32,2025-08-14 10:10:00-04:00,306.9599219726563,TAKE_PROFIT,29.439453125,GLD,15.0,10083.350342822296,83.3503428222935,114.90848037109441,-31.558137548800914,Gold ETF,commodities
LONG,2025-08-14 09:55:00-04:00,23934.0001,23841.2499,24119.5001,23934.0,23841.25,92.75,1,2025-08-15 09:50:00-04:00,23841.2499,STOP_LOSS,-92.75020000000222,MNQ=F,1435.0,10368.74819999998,368.74819999998,461.4983999999822,-92.75020000000222,Micro Nasdaq,futures
SHORT,2025-08-14 10:05:00-04:00,232.88989938964843,235.1101006103516,228.44989694824213,235.1100006103516,232.88999938964844,2.2200012207031534,39,2025-08-14 16:45:00-04:00,235.1101006103516,STOP_LOSS,-86.58784760742324,AAPL,400.0,9015.736603710935,-984.2633962890658,-24.73254565429633,-959.5308506347694,Apple,stocks
LONG,2025-08-14 10:15:00-04:00,580.240090234375,577.9198829101563,584.8801048828125,580.239990234375,577.9199829101562,2.32000732421875,17,2025-08-14 16:30:00-04:00,577.9198829101563,STOP_LOSS,-39.4435245117179,QQQ,375.0,10375.610777539066,375.61077753907284,415.05430205079074,-39.4435245117179,Nasdaq ETF,stocks
LONG,2025-08-14 10:25:00-04:00,523.4200829101562,520.154929296875,529.9499901367187,523.4199829101562,520.155029296875,3.26495361328125,20,2025-08-14 14:55:00-04:00,520.154929296875,STOP_LOSS,-65.303072265624,MSFT,270.0,10552.217499609395,552.21749960939,624.8749294921995,-72.65742988280954,Microsoft,stocks
LONG,2025-08-14 10:30:00-04:00,337.9600914550781,334.8066016601563,344.26667104492185,337.9599914550781,334.80670166015625,3.153289794921875,25,2025-08-14 11:20:00-04:00,334.8066016601563,STOP_LOSS,-78.83724487304562,TSLA,50.0,8384.399695410184,-1615.600304589822,488.22672919922206,-2103.827033789044,Tesla,stocks
SHORT,2025-08-14 10:35:00-04:00,307.8799048828125,308.3400963378906,306.9599219726563,308.3399963378906,307.8800048828125,0.459991455078125,32,2025-08-14 12:10:00-04:00,306.9599219726563,TAKE_PROFIT,29.439453125,GLD,95.0,10112.789795947296,112.7897959472935,114.90848037109441,-2.1186844238009144,Gold ETF,commodities
LONG,2025-08-14 10:55:00-04:00,203.1870964599609,201.4198981689453,206.7210930419921,203.1869964599609,201.4199981689453,1.7669982910155966,49,2025-08-14 16:15:00-04:00,201.4198981689453,STOP_LOSS,-86.59271625976456,GOOGL,320.0,9876.90186406249,-123.09813593750485,-36.50541967774029,-86.59271625976456,Google,stocks
SHORT,2025-08-14 11:20:00-04:00,334.8066016601563,337.9600914550781,328.5000220703125,337.9599914550781,334.80670166015625,3.153289794921875,25,2025-08-14 16:40:00-04:00,337.9600914550781,STOP_LOSS,-78.83724487304562,TSLA,320.0,8305.562450537138,-1694.4375494628675,488.22672919922206,-2182.6642786620896,Tesla,stocks
LONG,2025-08-14 12:15:00-04:00,230.48999868164066,227.0199042724609,237.42978750000015,230.48989868164065,227.0200042724609,3.4698944091797443,27,2025-08-14 16:45:00-04:00,227.0199042724609,STOP_LOSS,-93.69254904785328,AMZN,270.0,9426.095205688478,-573.904794311522,-84.89996899413575,-489.00482531738623,Amazon,stocks
SHORT,2025-08-14 16:50:00-04:00,232.88989938964843,235.1101006103516,228.44989694824213,235.1100006103516,232.88999938964844,2.2200012207031534,38,2025-08-14 16:55:00-04:00,228.44989694824213,TAKE_PROFIT,168.72009277343966,AAPL,5.0,9184.456696484374,-815.5433035156261,-24.73254565429633,-790.8107578613298,Apple,stocks
LONG,2025-08-14 17:00:00-04:00,523.4200829101562,520.154929296875,529.9499901367187,523.4199829101562,520.155029296875,3.26495361328125,20,2025-08-14 17:20:00-04:00,520.154929296875,STOP_LOSS,-65.303072265624,MSFT,20.0,10486.91442734377,486.91442734376596,624.8749294921995,-137.96050214843353,Microsoft,stocks
SHORT,2025-08-14 17:15:00-04:00,232.88989938964843,235.1101006103516,228.44989694824213,235.1100006103516,232.88999938964844,2.2200012207031534,39,2025-08-14 17:20:00-04:00,228.44989694824213,TAKE_PROFIT,173.16009521484597,AAPL,5.0,9357.61679169922,-642.3832083007801,-24.73254565429633,-617.6506626464837,Apple,stocks
LONG,2025-08-14 18:05:00-04:00,523.4200829101562,520.154929296875,529.9499901367187,523.4199829101562,520.155029296875,3.26495361328125,20,2025-08-15 15:55:00-04:00,520.154929296875,STOP_LOSS,-65.303072265624,MSFT,1310.0,10421.611355078147,421.61135507814197,624.8749294921995,-203.26357441405753,Microsoft,stocks
SHORT,2025-08-14 18:45:00-04:00,334.8066016601563,337.9600914550781,328.5000220703125,337.9599914550781,334.80670166015625,3.153289794921875,24,2025-08-15 12:00:00-04:00,328.5000220703125,TAKE_PROFIT,151.35791015625,TSLA,1035.0,8456.920360693388,-1543.0796393066175,488.22672919922206,-2031.3063685058396,Tesla,stocks
SHORT,2025-08-15 00:10:00+01:00,1.1652653383255005,1.1662807298660278,1.1636345552444458,1.1661807298660278,1.1653653383255005,0.0008153915405273438,8580,2025-08-15 04:05:00+01:00,1.1662807298660278,STOP_LOSS,-8.71205941772442,EURUSD=X,235.0,9989.436530807305,-10.563469192692963,32.430294710924926,-42.99376390361789,EUR/USD,forex
LONG,2025-08-15 04:05:00+01:00,1.1662807298660278,1.1652653383255005,1.1679115129470825,1.1661807298660278,1.1653653383255005,0.0008153915405273438,8565,2025-08-15 08:05:00+01:00,1.1679115129470825,TAKE_PROFIT,13.967657089233398,EURUSD=X,240.0,10003.404187896538,3.404187896540435,32.430294710924926,-29.02610681438449,EUR/USD,forex
SHORT,2025-08-15 09:55:00-04:00,232.0999061035156,234.22150502929688,227.85710825195304,234.22140502929688,232.1000061035156,2.1213989257812784,40,2025-08-15 16:50:00-04:00,227.85710825195304,TAKE_PROFIT,169.71191406250227,AAPL,415.0,9527.328705761722,-472.6712942382778,-24.73254565429633,-447.93874858398146,Apple,stocks
LONG,2025-08-15 10:05:00-04:00,205.28009877929688,202.9999,209.84009633789063,205.27999877929688,203.0,2.279998779296875,43,2025-08-15 14:00:00-04:00,202.9999,STOP_LOSS,-98.04854750976591,GOOGL,235.0,9778.853316552724,-221.14668344727076,-36.50541967774029,-184.64126376953047,Google,stocks
LONG,2025-08-15 10:15:00-04:00,3386.90000234375,3380.299948828125,3400.099709375,3386.89990234375,3380.300048828125,6.599853515625,3,2025-08-15 15:05:00-04:00,3380.299948828125,STOP_LOSS,-19.800160546876214,GC=F,290.0,10244.49402070311,244.49402070311044,289.1953953124903,-44.701374609379855,Gold,commodities
LONG,2025-08-15 10:15:00-04:00,307.54010854492185,306.95989145507815,308.70014272460935,307.5400085449219,306.9599914550781,0.58001708984375,32,2025-08-15 16:50:00-04:00,306.95989145507815,STOP_LOSS,-18.566946874998393,GLD,395.0,10094.222849072297,94.2228490722951,114.90848037109441,-20.685631298799308,Gold ETF,commodities
SHORT,2025-08-15 11:30:00-04:00,231.20990671386718,234.06009755859372,225.50992502441412,234.05999755859372,231.2100067138672,2.849990844726534,33,2025-08-15 16:50:00-04:00,234.06009755859372,STOP_LOSS,-94.05629787597584,AMZN,320.0,9332.038907812503,-667.9610921874978,-84.89996899413575,-583.061123193362,Amazon,stocks
SHORT,2025-08-15 11:35:00-04:00,576.6198951171875,579.7900780273437,570.279929296875,579.7899780273438,576.6199951171875,3.16998291015625,17,2025-08-18 17:00:00-04:00,570.279929296875,TAKE_PROFIT,107.7794189453125,QQQ,4645.0,10483.390196484379,483.39019648438534,483.39019648438534,0.0,Nasdaq ETF,stocks
SHORT,2025-08-15 11:35:00-04:00,23776.7499,23910.7501,23508.7499,23910.75,23776.75,134.0,1,2025-08-19 12:35:00-04:00,23508.7499,TAKE_PROFIT,268.0,MNQ=F,5820.0,10636.74819999998,636.74819999998,636.74819999998,0.0,Micro Nasdaq,futures
SHORT,2025-08-15 11:35:00-04:00,23776.7499,23911.0001,23508.2499,23911.0,23776.75,134.25,1,2025-08-19 12:35:00-04:00,23508.2499,TAKE_PROFIT,268.5,NQ=F,5820.0,10555.497999999978,555.4979999999778,555.4979999999778,0.0,Nasdaq Futures,futures
LONG,2025-08-15 14:10:00-04:00,205.28009877929688,202.9999,209.84009633789063,205.27999877929688,203.0,2.279998779296875,42,2025-08-15 16:55:00-04:00,202.9999,STOP_LOSS,-95.76834873046903,GOOGL,165.0,9683.084967822255,-316.9150321777398,-36.50541967774029,-280.4096124999995,Google,stocks
LONG,2025-08-15 16:55:00-04:00,234.22150502929688,232.0999061035156,238.46430288085944,234.22140502929688,232.1000061035156,2.1213989257812784,40,2025-08-15 17:00:00-04:00,232.0999061035156,STOP_LOSS,-84.8639570312514,AAPL,5.0,9442.46474873047,-557.5352512695292,-24.73254565429633,-532.8027056152329,Apple,stocks
SHORT,2025-08-15 17:00:00-04:00,232.0999061035156,234.22150502929688,227.85710825195304,234.22140502929688,232.1000061035156,2.1213989257812784,40,2025-08-18 16:45:00-04:00,234.22150502929688,STOP_LOSS,-84.8639570312514,AAPL,4305.0,9357.600791699218,-642.3992083007806,-24.73254565429633,-617.6666626464843,Apple,stocks
SHORT,2025-08-18 09:50:00-04:00,229.19989694824218,230.91010366210935,225.77988352050787,230.91000366210935,229.1999969482422,1.710006713867159,40,2025-08-18 13:30:00-04:00,230.91010366210935,STOP_LOSS,-68.40826855468663,AMZN,220.0,9263.630639257815,-736.3693607421844,-84.89996899413575,-651.4693917480487,Amazon,stocks
SHORT,2025-08-18 09:50:00-04:00,307.3098975585937,307.889992578125,306.1501075195311,307.889892578125,307.3099975585937,0.5798950195313068,32,2025-08-18 16:45:00-04:00,306.1501075195311,TAKE_PROFIT,37.11328125000364,GLD,415.0,10131.336130322301,131.33613032229874,131.33613032229874,0.0,Gold ETF,commodities
SHORT,2025-08-18 09:50:00-04:00,520.0799170898438,522.8201073242187,514.5999366210938,522.8200073242188,520.0800170898438,2.739990234375,20,2025-08-18 15:20:00-04:00,514.5999366210938,TAKE_PROFIT,109.599609375,MSFT,330.0,10531.210964453147,531.210964453142,624.8749294921995,-93.66396503905753,Microsoft,stocks
SHORT,2025-08-18 09:55:00-04:00,642.7998877929688,643.8000877929687,640.7998877929688,643.7999877929688,642.7999877929688,1.0,15,2025-08-18 10:20:00-04:00,643.8000877929687,STOP_LOSS,-15.002999999999247,SPY,25.0,10156.304129199241,156.304129199234,218.23404736328803,-61.929918164054016,S&P 500 ETF,stocks
LONG,2025-08-18 10:20:00-04:00,643.8000877929687,642.7998877929688,645.8000877929687,643.7999877929688,642.7999877929688,1.0,15,2025-08-18 10:30:00-04:00,642.7998877929688,STOP_LOSS,-15.002999999999247,SPY,10.0,10141.301129199242,141.30112919923477,218.23404736328803,-76.93291816405326,S&P 500 ETF,stocks
LONG,2025-08-18 10:20:00-04:00,333.5651024414062,329.58989633789065,341.5151146484375,333.56500244140625,329.5899963378906,3.975006103515625,21,2025-08-18 16:45:00-04:00,329.58989633789065,STOP_LOSS,-83.47932817382707,TSLA,385.0,8373.44103251956,-1626.5589674804446,488.22672919922206,-2114.7856966796667,Tesla,stocks
SHORT,2025-08-18 10:35:00-04:00,3383.39980234375,3389.5001,3371.19960703125,3389.5,3383.39990234375,6.10009765625,3,2025-08-18 20:00:00-04:00,3371.19960703125,TAKE_PROFIT,36.6005859375,GC=F,565.0,10281.09460664061,281.09460664061044,289.1953953124903,-8.100788671879855,Gold,commodities
SHORT,2025-08-18 10:40:00-04:00,203.69490732421875,205.2501,200.58492197265625,205.25,203.69500732421875,1.55499267578125,47,2025-08-18 16:55:00-04:00,205.2501,STOP_LOSS,-73.09405576171906,GOOGL,375.0,9609.990912060535,-390.0090879394589,-36.50541967774029,-353.5036682617186,Google,stocks
SHORT,2025-08-18 11:25:00-04:00,642.7998877929688,643.8000877929687,640.7998877929688,643.7999877929688,642.7999877929688,1.0,15,2025-08-18 13:30:00-04:00,643.8000877929687,STOP_LOSS,-15.002999999999247,SPY,125.0,10126.298129199244,126.29812919923552,218.23404736328803,-91.93591816405251,S&P 500 ETF,stocks
LONG,2025-08-18 14:40:00-04:00,230.91010366210935,229.19989694824218,234.33011708984367,230.91000366210935,229.1999969482422,1.710006713867159,40,2025-08-18 17:00:00-04:00,229.19989694824218,STOP_LOSS,-68.40826855468663,AMZN,140.0,9195.222370703128,-804.777629296871,-84.89996899413575,-719.8776603027353,Amazon,stocks
LONG,2025-08-18 17:00:00-04:00,232.73009572753904,231.33989633789065,235.5100945068358,232.72999572753903,231.33999633789065,1.3899993896483807,40,2025-08-18 17:05:00-04:00,231.33989633789065,STOP_LOSS,-55.60797558593549,AAPL,5.0,9301.992816113283,-698.0071838867161,-24.73254565429633,-673.2746382324198,Apple,stocks
SHORT,2025-08-18 17:05:00-04:00,231.33989633789065,232.73009572753904,228.5598975585939,232.72999572753903,231.33999633789065,1.3899993896483807,40,2025-08-19 10:00:00-04:00,232.73009572753904,STOP_LOSS,-55.60797558593549,AAPL,1015.0,9246.384840527347,-753.6151594726516,-24.73254565429633,-728.8826138183553,Apple,stocks
LONG,2025-08-18 18:00:00-04:00,577.5801170898437,576.4098731445313,579.9202049804687,577.5800170898438,576.4099731445312,1.1700439453125,18,2025-08-19 09:50:00-04:00,576.4098731445313,STOP_LOSS,-21.064391015624096,QQQ,950.0,10462.325805468754,462.32580546876125,483.39019648438534,-21.064391015624096,Nasdaq ETF,stocks
SHORT,2025-08-19 00:00:00+01:00,1.1674423383712769,1.1681878400802612,1.1663513349533081,1.1680878400802612,1.1675423383712769,0.000545501708984375,8568,2025-08-19 01:50:00+01:00,1.1663513349533081,TAKE_PROFIT,9.34771728515625,EURUSD=X,110.0,10012.751905181694,12.751905181696685,32.430294710924926,-19.67838952922824,EUR/USD,forex
SHORT,2025-08-18 23:30:00-04:00,3383.39980234375,3389.5001,3371.19960703125,3389.5,3383.39990234375,6.10009765625,3,2025-08-19 10:40:00-04:00,3371.19960703125,TAKE_PROFIT,36.6005859375,GC=F,670.0,10317.69519257811,317.69519257811044,317.69519257811044,0.0,Gold,commodities
LONG,2025-08-19 08:05:00+01:00,1.1681878400802612,1.1674423383712769,1.16927884349823,1.1680878400802612,1.1675423383712769,0.000545501708984375,8571,2025-08-19 11:20:00+01:00,1.16927884349823,TAKE_PROFIT,9.350990295410156,EURUSD=X,195.0,10022.102895477105,22.10289547710684,32.430294710924926,-10.327399233818085,EUR/USD,forex
LONG,2025-08-19 13:40:00+01:00,1.1681878400802612,1.1674423383712769,1.16927884349823,1.1680878400802612,1.1675423383712769,0.000545501708984375,8579,2025-08-19 14:10:00+01:00,1.1674423383712769,STOP_LOSS,-6.395659161376765,EURUSD=X,30.0,10015.707236315728,15.707236315730077,32.430294710924926,-16.723058395194847,EUR/USD,forex
LONG,2025-08-19 09:50:00-04:00,337.3501061035156,333.2998877929688,345.45014272460935,337.3500061035156,333.29998779296875,4.050018310546875,20,2025-08-19 10:40:00-04:00,333.2998877929688,STOP_LOSS,-81.0043662109365,TSLA,50.0,8292.436666308624,-1707.563333691381,488.22672919922206,-2195.790062890603,Tesla,stocks
LONG,2025-08-19 10:00:00-04:00,643.4300926757812,642.029929296875,646.2300194335937,643.4299926757812,642.030029296875,1.39996337890625,15,2025-08-19 10:40:00-04:00,642.029929296875,STOP_LOSS,-21.002450683592997,SPY,40.0,10105.295678515651,105.29567851564252,218.23404736328803,-112.9383688476455,S&P 500 ETF,stocks
SHORT,2025-08-19 10:25:00-04:00,511.70000375976565,515.1642235351562,504.7719642089844,515.1641235351562,511.7001037597656,3.464019775390625,20,2025-08-19 16:35:00-04:00,504.7719642089844,TAKE_PROFIT,138.560791015625,MSFT,370.0,10669.771755468772,669.771755468767,669.771755468767,0.0,Microsoft,stocks
SHORT,2025-08-19 10:25:00-04:00,573.4198829101563,576.5600975585937,567.1398536132813,576.5599975585938,573.4199829101562,3.1400146484375,18,2025-08-20 09:50:00-04:00,567.1398536132813,TAKE_PROFIT,113.04052734375,QQQ,1405.0,10575.366332812504,575.3663328125112,575.3663328125112,0.0,Nasdaq ETF,stocks
LONG,2025-08-19 10:30:00-04:00,232.04509816894532,230.58989633789065,234.95510183105463,232.0449981689453,230.58999633789065,1.455001831054659,39,2025-08-19 11:00:00-04:00,230.58989633789065,STOP_LOSS,-56.75287141113196,AAPL,30.0,9189.631969116215,-810.3680308837836,-24.73254565429633,-785.6354852294872,Apple,stocks
SHORT,2025-08-19 10:30:00-04:00,228.57990183105468,230.5284050537109,224.68329538574224,230.5283050537109,228.5800018310547,1.9483032226562216,40,2025-08-19 16:45:00-04:00,224.68329538574224,TAKE_PROFIT,155.86425781249773,AMZN,375.0,9351.086628515626,-648.9133714843733,-84.89996899413575,-564.0134024902376,Amazon,stocks
SHORT,2025-08-19 10:35:00-04:00,200.97989572753903,203.44010244140625,196.0598822998046,203.44000244140625,200.97999572753903,2.460006713867216,39,2025-08-19 16:15:00-04:00,196.0598822998046,TAKE_PROFIT,191.88052368164284,GOOGL,340.0,9801.871435742178,-198.12856425781604,-36.50541967774029,-161.62314458007575,Google,stocks
SHORT,2025-08-19 10:35:00-04:00,306.71990122070315,307.4788902832031,305.20232309570315,307.4787902832031,306.7200012207031,0.7587890625,33,2025-08-19 13:25:00-04:00,305.20232309570315,TAKE_PROFIT,50.080078125,GLD,170.0,10181.416208447301,181.41620844729874,181.41620844729874,0.0,Gold ETF,commodities
SHORT,2025-08-19 10:40:00-04:00,333.2998877929688,337.3501061035156,325.199851171875,337.3500061035156,333.29998779296875,4.050018310546875,20,2025-08-19 16:45:00-04:00,337.3501061035156,STOP_LOSS,-81.0043662109365,TSLA,365.0,8211.432300097687,-1788.5676999023176,488.22672919922206,-2276.7944291015397,Tesla,stocks
SHORT,2025-08-19 10:45:00-04:00,642.029929296875,643.4300926757812,639.2300025390625,643.4299926757812,642.030029296875,1.39996337890625,15,2025-08-19 13:05:00-04:00,639.2300025390625,TAKE_PROFIT,41.9989013671875,SPY,140.0,10147.294579882839,147.29457988283002,218.23404736328803,-70.939467480458,S&P 500 ETF,stocks
SHORT,2025-08-19 13:05:00-04:00,230.58989633789065,232.04509816894532,227.67989267578133,232.0449981689453,230.58999633789065,1.455001831054659,39,2025-08-19 16:40:00-04:00,232.04509816894532,STOP_LOSS,-56.75287141113196,AAPL,215.0,9132.879097705083,-867.1209022949156,-24.73254565429633,-842.3883566406192,Apple,stocks
SHORT,2025-08-19 16:40:00-04:00,230.58989633789065,232.04509816894532,227.67989267578133,232.0449981689453,230.58999633789065,1.455001831054659,39,2025-08-19 16:45:00-04:00,232.04509816894532,STOP_LOSS,-56.75287141113196,AAPL,5.0,9076.12622629395,-923.8737737060476,-24.73254565429633,-899.1412280517512,Apple,stocks
LONG,2025-08-19 16:50:00-04:00,203.44010244140625,200.97989572753903,208.36011586914069,203.44000244140625,200.97999572753903,2.460006713867216,39,2025-08-19 19:20:00-04:00,200.97989572753903,STOP_LOSS,-95.94806184082168,GOOGL,150.0,9705.923373901356,-294.0766260986377,-36.50541967774029,-257.5712064208974,Google,stocks
SHORT,2025-08-19 19:20:00-04:00,200.97989572753903,203.44010244140625,196.0598822998046,203.44000244140625,200.97999572753903,2.460006713867216,39,2025-08-20 16:50:00-04:00,203.44010244140625,STOP_LOSS,-95.94806184082168,GOOGL,1290.0,9609.975312060535,-390.02468793945934,-36.50541967774029,-353.51926826171905,Google,stocks
SHORT,2025-08-20 14:05:00+01:00,1.1674423383712769,1.1681878400802612,1.1663513349533081,1.1680878400802612,1.1675423383712769,0.000545501708984375,8579,2025-08-20 14:50:00+01:00,1.1663513349533081,TAKE_PROFIT,9.359718322753906,EURUSD=X,45.0,10025.066954638482,25.066954638483985,32.430294710924926,-7.363340072440941,EUR/USD,forex
SHORT,2025-08-20 09:50:00-04:00,323.5790931152344,331.3700951171875,307.99748911132815,331.3699951171875,323.5791931152344,7.790802001953125,10,2025-08-20 16:45:00-04:00,331.3700951171875,STOP_LOSS,-77.91002001953075,TSLA,415.0,8133.522280078157,-1866.4777199218483,488.22672919922206,-2354.7044491210704,Tesla,stocks
SHORT,2025-08-20 09:50:00-04:00,637.3698951171875,639.1200951171875,633.8698951171875,639.1199951171875,637.3699951171875,1.75,15,2025-08-20 10:15:00-04:00,633.8698951171875,TAKE_PROFIT,52.5,SPY,25.0,10199.794579882839,199.79457988283002,218.23404736328803,-18.439467480458006,S&P 500 ETF,stocks
SHORT,2025-08-20 09:50:00-04:00,23264.2499,23432.0001,22928.7499,23432.0,23264.25,167.75,1,2025-08-22 10:00:00-04:00,23432.0001,STOP_LOSS,-167.75020000000222,NQ=F,2890.0,10387.747799999976,387.74779999997554,555.4979999999778,-167.75020000000222,Nasdaq Futures,futures
SHORT,2025-08-20 09:50:00-04:00,564.3899146484375,568.4501122070312,556.26991953125,568.4500122070312,564.3900146484375,4.05999755859375,18,2025-08-20 16:55:00-04:00,568.4501122070312,STOP_LOSS,-73.0835560546866,QQQ,425.0,10502.282776757816,502.28277675782465,575.3663328125112,-73.0835560546866,Nasdaq ETF,stocks
SHORT,2025-08-20 09:50:00-04:00,224.31990732421875,227.2701042724609,218.41991342773443,227.2700042724609,224.32000732421875,2.949996948242159,31,2025-08-20 16:50:00-04:00,218.41991342773443,TAKE_PROFIT,182.89981079101386,AMZN,420.0,9533.98643930664,-466.01356069335947,-84.89996899413575,-381.1135916992237,Amazon,stocks
SHORT,2025-08-20 09:50:00-04:00,23264.7499,23432.0001,22930.2499,23432.0,23264.75,167.25,1,2025-08-22 10:00:00-04:00,23432.0001,STOP_LOSS,-167.25020000000222,MNQ=F,2890.0,10469.497999999978,469.49799999997776,636.74819999998,-167.25020000000222,Micro Nasdaq,futures
SHORT,2025-08-20 09:50:00-04:00,227.2999030517578,230.4699944091797,220.96012033691406,230.4698944091797,227.3000030517578,3.169891357421875,28,2025-08-20 16:45:00-04:00,230.4699944091797,STOP_LOSS,-88.76255800781269,AAPL,415.0,8987.363668286138,-1012.6363317138603,-24.73254565429633,-987.9037860595639,Apple,stocks
LONG,2025-08-20 10:45:00-04:00,308.260109765625,307.5399085449219,309.7001122070312,308.260009765625,307.5400085449219,0.720001220703125,33,2025-08-20 11:25:00-04:00,307.5399085449219,STOP_LOSS,-23.76664028320147,GLD,40.0,10157.649568164099,157.64956816409727,181.41620844729874,-23.76664028320147,Gold ETF,commodities
LONG,2025-08-20 10:45:00-04:00,3392.0001,3383.9999,3408.0001,3392.0,3384.0,8.0,3,2025-08-20 11:25:00-04:00,3383.9999,STOP_LOSS,-24.000600000001214,GC=F,40.0,10293.69459257811,293.6945925781092,317.69519257811044,-24.000600000001214,Gold,commodities
SHORT,2025-08-20 11:05:00-04:00,506.29988779296883,510.9801109863281,496.9398414062502,510.9800109863281,506.2999877929688,4.680023193359318,21,2025-08-20 16:45:00-04:00,510.9801109863281,STOP_LOSS,-98.28468706054463,MSFT,340.0,10571.487068408227,571.4870684082223,669.771755468767,-98.28468706054468,Microsoft,stocks
SHORT,2025-08-20 11:50:00-04:00,3383.9999,3392.0001,3367.9999,3392.0,3384.0,8.0,3,2025-08-20 15:20:00-04:00,3392.0001,STOP_LOSS,-24.000600000001214,GC=F,210.0,10269.693992578108,269.693992578108,317.69519257811044,-48.00120000000243,Gold,commodities
SHORT,2025-08-20 11:50:00-04:00,307.5399085449219,308.260109765625,306.09990610351565,308.260009765625,307.5400085449219,0.720001220703125,33,2025-08-20 15:10:00-04:00,308.260109765625,STOP_LOSS,-23.76664028320147,GLD,200.0,10133.882927880897,133.8829278808958,181.41620844729874,-47.53328056640294,Gold ETF,commodities
SHORT,2025-08-20 12:30:00-04:00,637.3698951171875,639.1200951171875,633.8698951171875,639.1199951171875,637.3699951171875,1.75,16,2025-08-20 16:00:00-04:00,639.1200951171875,STOP_LOSS,-28.003199999999197,SPY,210.0,10171.79137988284,171.79137988283082,218.23404736328803,-46.4426674804572,S&P 500 ETF,stocks
SHORT,2025-08-20 19:00:00+01:00,1.1674423383712769,1.1681878400802612,1.1663513349533081,1.1680878400802612,1.1675423383712769,0.000545501708984375,8587,2025-08-20 19:05:00+01:00,1.1663513349533081,TAKE_PROFIT,9.368446350097656,EURUSD=X,5.0,10034.43540098858,34.43540098858164,34.43540098858164,0.0,EUR/USD,forex
LONG,2025-08-20 15:15:00-04:00,308.260109765625,307.5399085449219,309.7001122070312,308.260009765625,307.5400085449219,0.720001220703125,32,2025-08-21 09:50:00-04:00,307.5399085449219,STOP_LOSS,-23.046439062498393,GLD,1115.0,10110.836488818399,110.83648881839741,181.41620844729874,-70.57971962890133,Gold ETF,commodities
LONG,2025-08-20 15:20:00-04:00,3392.0001,3383.9999,3408.0001,3392.0,3384.0,8.0,3,2025-08-20 21:00:00-04:00,3383.9999,STOP_LOSS,-24.000600000001214,GC=F,340.0,10245.693392578107,245.6933925781068,317.69519257811044,-72.00180000000364,Gold,commodities
SHORT,2025-08-20 19:30:00-04:00,323.5790931152344,331.3700951171875,307.99748911132815,331.3699951171875,323.5791931152344,7.790802001953125,10,2025-08-21 17:00:00-04:00,307.99748911132815,TAKE_PROFIT,155.8160400390625,TSLA,1290.0,8289.338320117218,-1710.6616798827858,488.22672919922206,-2198.888409082008,Tesla,stocks
SHORT,2025-08-21 10:20:00+01:00,1.1664889024734497,1.1673697067260742,1.1651272939682007,1.1672697067260742,1.1665889024734497,0.0006808042526245117,8602,2025-08-21 12:30:00+01:00,1.1651272939682007,TAKE_PROFIT,11.7125563621521,EURUSD=X,130.0,10046.147957350731,46.14795735073374,46.14795735073374,0.0,EUR/USD,forex
LONG,2025-08-21 10:00:00-04:00,636.510109765625,634.3098975585938,640.9101341796875,636.510009765625,634.3099975585938,2.20001220703125,15,2025-08-21 13:15:00-04:00,634.3098975585938,STOP_LOSS,-33.003183105468,SPY,195.0,10138.788196777372,138.78819677736283,218.23404736328803,-79.4458505859252,S&P 500 ETF,stocks
LONG,2025-08-21 10:05:00-04:00,201.44010244140625,199.42989267578125,205.46012197265625,201.44000244140625,199.42999267578125,2.010009765625,47,2025-08-21 17:25:00-04:00,199.42989267578125,STOP_LOSS,-94.47985898437531,GOOGL,440.0,9515.495453076159,-484.50454692383465,-36.50541967774029,-447.99912724609436,Google,stocks
LONG,2025-08-21 10:05:00-04:00,505.4300926757813,502.7199927734375,510.8498924804689,505.4299926757813,502.7200927734375,2.709899902343807,20,2025-08-21 17:00:00-04:00,510.8498924804689,TAKE_PROFIT,108.39599609375227,MSFT,415.0,10679.883064501979,679.8830645019746,679.8830645019746,0.0,Microsoft,stocks
LONG,2025-08-21 10:15:00-04:00,565.0701073242187,562.3299170898438,570.5500877929687,565.0700073242188,562.3300170898438,2.739990234375,18,2025-08-21 12:25:00-04:00,562.3299170898438,STOP_LOSS,-49.323424218749096,QQQ,130.0,10452.959352539066,452.95935253907555,575.3663328125112,-122.40698027343569,Nasdaq ETF,stocks
SHORT,2025-08-21 12:55:00-04:00,224.67989267578125,226.5201042724609,220.99986948242193,226.5200042724609,224.67999267578125,1.840011596679659,40,2025-08-21 17:00:00-04:00,226.5201042724609,STOP_LOSS,-73.60846386718663,AAPL,245.0,8913.75520441895,-1086.244795581047,-24.73254565429633,-1061.5122499267507,Apple,stocks
SHORT,2025-08-21 12:55:00-04:00,562.3299170898438,565.0701073242187,556.8499366210938,565.0700073242188,562.3300170898438,2.739990234375,18,2025-08-21 17:10:00-04:00,565.0701073242187,STOP_LOSS,-49.323424218749096,QQQ,255.0,10403.635928320316,403.63592832032646,575.3663328125112,-171.7304044921848,Nasdaq ETF,stocks
SHORT,2025-08-21 13:20:00-04:00,634.3098975585938,636.510109765625,629.9098731445313,636.510009765625,634.3099975585938,2.20001220703125,15,2025-08-21 15:05:00-04:00,636.510109765625,STOP_LOSS,-33.003183105468,SPY,105.0,10105.785013671904,105.78501367189483,218.23404736328803,-112.4490336913932,S&P 500 ETF,stocks
LONG,2025-08-21 19:55:00-04:00,636.510109765625,634.3098975585938,640.9101341796875,636.510009765625,634.3099975585938,2.20001220703125,15,2025-08-22 10:00:00-04:00,640.9101341796875,TAKE_PROFIT,66.0003662109375,SPY,845.0,10171.785379882842,171.78537988283233,218.23404736328803,-46.4486674804557,S&P 500 ETF,stocks
SHORT,2025-08-21 21:50:00-04:00,3378.89980234375,3391.200051171875,3354.2997046875,3391.199951171875,3378.89990234375,12.300048828125,3,2025-08-22 10:00:00-04:00,3391.200051171875,STOP_LOSS,-36.900746484376214,GC=F,730.0,10208.79264609373,208.79264609373058,317.69519257811044,-108.90254648437985,Gold,commodities
LONG,2025-08-22 09:50:00-04:00,325.9501122070312,319.6899024414063,338.4701317382812,325.95001220703125,319.69000244140625,6.260009765625,13,2025-08-22 13:40:00-04:00,338.4701317382812,TAKE_PROFIT,162.76025390625,TSLA,230.0,8452.098574023468,-1547.9014259765358,488.22672919922206,-2036.128155175758,Tesla,stocks
SHORT,2025-08-22 09:55:00-04:00,221.68990244140625,223.0801018310547,218.90990366210937,223.0800018310547,221.69000244140625,1.3899993896484375,43,2025-08-22 10:00:00-04:00,223.0801018310547,STOP_LOSS,-59.7785737548831,AMZN,5.0,9474.207865551756,-525.7921344482426,-84.89996899413575,-440.8921654541068,Amazon,stocks
LONG,2025-08-22 10:00:00-04:00,307.1371849609375,306.4298926757813,308.55136953125,307.1370849609375,306.42999267578125,0.70709228515625,32,2025-08-22 10:05:00-04:00,308.55136953125,TAKE_PROFIT,45.25390625,GLD,5.0,10156.090395068399,156.0903950683974,181.41620844729874,-25.32581337890133,Gold ETF,commodities
LONG,2025-08-22 10:00:00-04:00,639.720070703125,637.2499,644.660012109375,639.719970703125,637.25,2.469970703125,15,2025-08-22 10:10:00-04:00,644.660012109375,TAKE_PROFIT,74.09912109375,SPY,10.0,10245.884500976592,245.88450097658233,245.88450097658233,0.0,S&P 500 ETF,stocks
LONG,2025-08-22 10:00:00-04:00,566.4001244140625,563.279929296875,572.6401146484375,566.4000244140625,563.280029296875,3.1199951171875,18,2025-08-22 10:15:00-04:00,572.6401146484375,TAKE_PROFIT,112.31982421875,QQQ,15.0,10515.955752539066,515.9557525390765,575.3663328125112,-59.41058027343479,Nasdaq ETF,stocks
LONG,2025-08-22 10:00:00-04:00,226.98560415039066,225.40990366210934,230.13660512695327,226.98550415039065,225.41000366210935,1.5755004882813068,39,2025-08-22 17:05:00-04:00,230.13660512695327,TAKE_PROFIT,122.88903808594193,AAPL,425.0,9036.644242504892,-963.355757495105,-24.73254565429633,-938.6232118408086,Apple,stocks
LONG,2025-08-22 10:00:00-04:00,3378.60019765625,3370.699851171875,3394.400490625,3378.60009765625,3370.699951171875,7.900146484375,3,2025-08-22 10:05:00-04:00,3394.400490625,TAKE_PROFIT,47.40087890625,GC=F,5.0,10256.19352499998,256.1935249999806,317.69519257811044,-61.501667578129855,Gold,commodities
LONG,2025-08-22 10:00:00-04:00,23337.5001,23205.4999,23601.5001,23337.5,23205.5,132.0,1,2025-08-22 10:15:00-04:00,23601.5001,TAKE_PROFIT,264.0,NQ=F,15.0,10651.747799999976,651.7477999999755,651.7477999999755,0.0,Nasdaq Futures,futures
LONG,2025-08-22 10:00:00-04:00,223.0801018310547,221.68990244140625,225.86010061035157,223.0800018310547,221.69000244140625,1.3899993896484375,42,2025-08-22 10:30:00-04:00,225.86010061035157,TAKE_PROFIT,116.75994873046875,AMZN,30.0,9590.967814282225,-409.0321857177738,-84.89996899413575,-324.13221672363807,Amazon,stocks
LONG,2025-08-22 10:00:00-04:00,23337.2501,23206.2499,23599.2501,23337.25,23206.25,131.0,1,2025-08-22 10:15:00-04:00,23599.2501,TAKE_PROFIT,262.0,MNQ=F,15.0,10731.497999999978,731.4979999999778,731.4979999999778,0.0,Micro Nasdaq,futures
LONG,2025-08-22 15:00:00+01:00,1.165058119392395,1.1625555919647217,1.1696631742477417,1.164958119392395,1.1626555919647217,0.00230252742767334,8622,2025-08-22 15:15:00+01:00,1.1696631742477417,TAKE_PROFIT,39.70478296279907,EURUSD=X,15.0,10085.85274031353,85.85274031353282,85.85274031353282,0.0,EUR/USD,forex
LONG,2025-08-22 10:05:00-04:00,203.43009267578125,202.1099006103516,206.07007680664057,203.42999267578125,202.1100006103516,1.319992065429659,46,2025-08-22 13:10:00-04:00,206.07007680664057,TAKE_PROFIT,121.43927001952864,GOOGL,185.0,9636.934723095688,-363.065276904306,-36.50541967774029,-326.5598572265657,Google,stocks
LONG,2025-08-22 10:05:00-04:00,506.4600914550781,502.4099036621094,514.5600670410156,506.4599914550781,502.4100036621094,4.04998779296875,21,2025-08-22 16:50:00-04:00,502.4099036621094,STOP_LOSS,-85.0539436523427,MSFT,405.0,10594.829120849636,594.8291208496319,679.8830645019746,-85.0539436523427,Microsoft,stocks
SHORT,2025-08-22 17:05:00-04:00,502.4099036621094,506.4600914550781,494.3099280761719,506.4599914550781,502.4100036621094,4.04998779296875,21,2025-08-22 17:10:00-04:00,506.4600914550781,STOP_LOSS,-85.0539436523427,MSFT,5.0,10509.775177197293,509.77517719728917,679.8830645019746,-170.1078873046854,Microsoft,stocks
LONG,2025-08-22 17:10:00-04:00,506.4600914550781,502.4099036621094,514.5600670410156,506.4599914550781,502.4100036621094,4.04998779296875,20,2025-08-22 17:15:00-04:00,502.4099036621094,STOP_LOSS,-81.003755859374,MSFT,5.0,10428.771421337919,428.77142133791517,679.8830645019746,-251.1116431640594,Microsoft,stocks
LONG,2025-08-25 09:55:00-04:00,23518.2501,23443.2499,23668.2501,23518.25,23443.25,75.0,1,2025-08-25 20:00:00-04:00,23443.2499,STOP_LOSS,-75.00020000000222,NQ=F,605.0,10576.747599999973,576.7475999999733,651.7477999999755,-75.00020000000222,Nasdaq Futures,futures
LONG,2025-08-25 09:55:00-04:00,570.77011953125,569.1698829101563,573.9701927734375,570.77001953125,569.1699829101562,1.60003662109375,18,2025-08-25 16:05:00-04:00,569.1698829101563,STOP_LOSS,-28.804259179686596,QQQ,370.0,10487.151493359379,487.15149335938986,575.3663328125112,-88.21483945312139,Nasdaq ETF,stocks
LONG,2025-08-25 09:55:00-04:00,23518.5001,23444.9999,23665.5001,23518.5,23445.0,73.5,1,2025-08-25 20:00:00-04:00,23444.9999,STOP_LOSS,-73.50020000000222,MNQ=F,605.0,10657.997799999976,657.9977999999755,731.4979999999778,-73.50020000000222,Micro Nasdaq,futures
LONG,2025-08-25 09:55:00-04:00,207.7199944091797,205.28290476074218,212.5937737060547,207.7198944091797,205.2830047607422,2.4368896484375,39,2025-08-26 17:00:00-04:00,212.5937737060547,TAKE_PROFIT,190.077392578125,GOOGL,1865.0,9827.012115673813,-172.98788432618102,-36.50541967774029,-136.48246464844073,Google,stocks
LONG,2025-08-25 10:05:00-04:00,228.5851067138672,226.2399054931641,233.27510915527338,228.5850067138672,226.2400054931641,2.3450012207030966,38,2025-08-25 16:45:00-04:00,226.2399054931641,STOP_LOSS,-89.11764638671792,AAPL,400.0,8947.526596118174,-1052.4734038818228,-24.73254565429633,-1027.7408582275266,Apple,stocks
LONG,2025-08-25 10:05:00-04:00,644.3691185546875,643.4098731445313,646.287209375,644.3690185546875,643.4099731445312,0.95904541015625,15,2025-08-25 15:45:00-04:00,643.4098731445313,STOP_LOSS,-14.388681152342997,SPY,340.0,10231.49581982425,231.49581982423933,245.88450097658233,-14.388681152342997,S&P 500 ETF,stocks
LONG,2025-08-25 10:10:00-04:00,341.2001122070312,335.0298987792969,353.5401390625,341.20001220703125,335.0299987792969,6.170013427734375,13,2025-08-25 16:55:00-04:00,335.0298987792969,STOP_LOSS,-80.21277456054622,TSLA,405.0,8371.885799462922,-1628.114200537082,488.22672919922206,-2116.340929736304,Tesla,stocks
LONG,2025-08-25 10:45:00-04:00,229.1301048828125,227.3499061035156,232.6901024414063,229.1300048828125,227.3500061035156,1.7799987792969034,41,2025-08-25 16:30:00-04:00,227.3499061035156,STOP_LOSS,-72.98814995117331,AMZN,345.0,9517.979664331051,-482.02033566894715,-84.89996899413575,-397.1203666748114,Amazon,stocks
LONG,2025-08-25 11:00:00-04:00,508.0841148925781,504.58989633789065,515.0721520019531,508.0840148925781,504.5899963378906,3.4940185546875,20,2025-08-25 15:00:00-04:00,504.58989633789065,STOP_LOSS,-69.884371093749,MSFT,240.0,10358.88705024417,358.8870502441662,679.8830645019746,-320.9960142578084,Microsoft,stocks
SHORT,2025-08-25 15:55:00-04:00,643.4098731445313,644.3691185546875,641.4917823242188,644.3690185546875,643.4099731445312,0.95904541015625,15,2025-08-26 15:20:00-04:00,644.3691185546875,STOP_LOSS,-14.388681152342997,SPY,1405.0,10217.107138671907,217.10713867189634,245.88450097658233,-28.777362304685994,S&P 500 ETF,stocks
SHORT,2025-08-25 15:55:00-04:00,504.58989633789065,508.0841148925781,497.60185922851565,508.0840148925781,504.5899963378906,3.4940185546875,20,2025-08-25 16:50:00-04:00,497.60185922851565,TAKE_PROFIT,139.7607421875,MSFT,55.0,10498.64779243167,498.6477924316662,679.8830645019746,-181.23527207030838,Microsoft,stocks
LONG,2025-08-25 16:25:00-04:00,570.77011953125,569.1698829101563,573.9701927734375,570.77001953125,569.1699829101562,1.60003662109375,18,2025-08-26 09:50:00-04:00,569.1698829101563,STOP_LOSS,-28.804259179686596,QQQ,1045.0,10458.347234179691,458.34723417970326,575.3663328125112,-117.01909863280798,Nasdaq ETF,stocks
SHORT,2025-08-25 16:50:00-04:00,226.2399054931641,228.5851067138672,221.5499030517579,228.5850067138672,226.2400054931641,2.3450012207030966,38,2025-08-25 17:10:00-04:00,221.5499030517579,TAKE_PROFIT,178.22009277343534,AAPL,20.0,9125.74668889161,-874.2533111083875,-24.73254565429633,-849.5207654540911,Apple,stocks
SHORT,2025-08-25 17:25:00-04:00,504.58989633789065,508.0841148925781,497.60185922851565,508.0840148925781,504.5899963378906,3.4940185546875,20,2025-08-25 17:30:00-04:00,497.60185922851565,TAKE_PROFIT,139.7607421875,MSFT,5.0,10638.40853461917,638.4085346191662,679.8830645019746,-41.47452988280838,Microsoft,stocks
SHORT,2025-08-25 18:35:00-04:00,3408.199851171875,3414.800148828125,3394.999655859375,3414.800048828125,3408.199951171875,6.60009765625,3,2025-08-25 20:10:00-04:00,3414.800148828125,STOP_LOSS,-19.800892968751214,GC=F,95.0,10236.39263203123,236.39263203122937,317.69519257811044,-81.30256054688107,Gold,commodities
SHORT,2025-08-26 00:00:00+01:00,1.1701749729156494,1.1711972785949707,1.1685303615570068,1.1710972785949707,1.1702749729156494,0.0008223056793212891,8619,2025-08-26 00:05:00+01:00,1.1685303615570068,TAKE_PROFIT,14.17490530014038,EURUSD=X,5.0,10100.02764561367,100.0276456136732,100.0276456136732,0.0,EUR/USD,forex
SHORT,2025-08-25 19:05:00-04:00,309.6699134277344,310.240090234375,308.52995981445315,310.239990234375,309.6700134277344,0.569976806640625,32,2025-08-26 09:50:00-04:00,310.240090234375,STOP_LOSS,-18.245657812498393,GLD,885.0,10137.8447372559,137.84473725589902,181.41620844729874,-43.57147119139972,Gold ETF,commodities
LONG,2025-08-25 20:15:00-04:00,3414.800148828125,3408.199851171875,3428.000344140625,3414.800048828125,3408.199951171875,6.60009765625,2,2025-08-25 20:30:00-04:00,3428.000344140625,TAKE_PROFIT,26.400390625,GC=F,15.0,10262.79302265623,262.79302265622937,317.69519257811044,-54.90216992188107,Gold,commodities
SHORT,2025-08-25 20:35:00-04:00,23443.2499,23518.2501,23293.2499,23518.25,23443.25,75.0,1,2025-08-26 10:10:00-04:00,23518.2501,STOP_LOSS,-75.00020000000222,NQ=F,815.0,10501.747399999971,501.7473999999711,651.7477999999755,-150.00040000000445,Nasdaq Futures,futures
SHORT,2025-08-25 20:35:00-04:00,23444.9999,23518.5001,23297.9999,23518.5,23445.0,73.5,1,2025-08-26 10:10:00-04:00,23518.5001,STOP_LOSS,-73.50020000000222,MNQ=F,815.0,10584.497599999973,584.4975999999733,731.4979999999778,-147.00040000000445,Micro Nasdaq,futures
SHORT,2025-08-26 10:05:00-04:00,310.5198890136719,311.03009877929685,309.4998694824219,311.0299987792969,310.5199890136719,0.510009765625,32,2025-08-26 10:45:00-04:00,311.03009877929685,STOP_LOSS,-16.326712499998393,GLD,40.0,10121.518024755902,121.51802475590063,181.41620844729874,-59.89818369139812,Gold ETF,commodities
LONG,2025-08-26 10:20:00-04:00,23518.5001,23426.9999,23701.5001,23518.5,23427.0,91.5,1,2025-08-28 10:45:00-04:00,23701.5001,TAKE_PROFIT,183.0,NQ=F,2905.0,10684.747399999971,684.7473999999711,684.7473999999711,0.0,Nasdaq Futures,futures
LONG,2025-08-26 10:20:00-04:00,23518.5001,23426.9999,23701.5001,23518.5,23427.0,91.5,1,2025-08-28 10:40:00-04:00,23701.5001,TAKE_PROFIT,183.0,MNQ=F,2900.0,10767.497599999973,767.4975999999733,767.4975999999733,0.0,Micro Nasdaq,futures
LONG,2025-08-26 10:20:00-04:00,570.98008046875,568.7998877929688,575.3400658203125,570.97998046875,568.7999877929688,2.17999267578125,18,2025-08-26 16:05:00-04:00,568.7998877929688,STOP_LOSS,-39.243468164061596,QQQ,345.0,10419.103766015629,419.10376601564167,575.3663328125112,-156.26256679686958,Nasdaq ETF,stocks
LONG,2025-08-26 10:45:00-04:00,228.2000969482422,226.0199042724609,232.56008229980475,228.1999969482422,226.0200042724609,2.1799926757812784,41,2025-08-26 16:25:00-04:00,226.0199042724609,STOP_LOSS,-89.38789970703269,AMZN,340.0,9428.591764624018,-571.4082353759799,-84.89996899413575,-486.5082663818441,Amazon,stocks
LONG,2025-08-26 10:45:00-04:00,3425.40000234375,3418.799948828125,3438.599709375,3425.39990234375,3418.800048828125,6.599853515625,2,2025-08-26 15:25:00-04:00,3438.599709375,TAKE_PROFIT,26.3994140625,GC=F,280.0,10289.19243671873,289.19243671872937,317.69519257811044,-28.502755859381068,Gold,commodities
LONG,2025-08-26 10:45:00-04:00,311.03009877929685,310.5198890136719,312.05011831054685,311.0299987792969,310.5199890136719,0.510009765625,32,2025-08-26 15:40:00-04:00,312.05011831054685,TAKE_PROFIT,32.640625,GLD,295.0,10154.158649755902,154.15864975590063,181.41620844729874,-27.257558691398117,Gold ETF,commodities
LONG,2025-08-26 11:20:00-04:00,227.05010305175782,224.71990122070312,231.7101067138672,227.0500030517578,224.72000122070312,2.3300018310546875,39,2025-08-26 16:55:00-04:00,231.7101067138672,TAKE_PROFIT,181.74014282226562,AAPL,335.0,9307.486831713875,-692.5131682861219,-24.73254565429633,-667.7806226318255,Apple,stocks
SHORT,2025-08-26 11:30:00-04:00,344.2998877929688,348.7001122070312,335.4998389648438,348.70001220703125,344.29998779296875,4.4000244140625,19,2025-08-26 15:10:00-04:00,348.7001122070312,STOP_LOSS,-83.60426386718655,TSLA,220.0,8288.281535595735,-1711.7184644042686,488.22672919922206,-2199.9451936034907,Tesla,stocks
SHORT,2025-08-26 12:30:00-04:00,502.1098853515625,504.9779137207031,496.3742286132813,504.9778137207031,502.1099853515625,2.867828369140625,21,2025-08-26 16:25:00-04:00,496.3742286132813,TAKE_PROFIT,120.44879150390625,MSFT,235.0,10758.857326123076,758.8573261230724,758.8573261230724,0.0,Microsoft,stocks
LONG,2025-08-26 15:15:00-04:00,348.7001122070312,344.2998877929688,357.5001610351562,348.70001220703125,344.29998779296875,4.4000244140625,18,2025-08-26 16:55:00-04:00,344.2998877929688,STOP_LOSS,-79.2040394531241,TSLA,100.0,8209.07749614261,-1790.9225038573927,488.22672919922206,-2279.149233056615,Tesla,stocks
LONG,2025-08-27 09:50:00-04:00,207.53009877929688,205.6648932861328,211.260109765625,207.52999877929688,205.6649932861328,1.8650054931640625,47,2025-08-27 16:40:00-04:00,211.260109765625,TAKE_PROFIT,175.31051635742188,GOOGL,410.0,10002.322632031235,2.3226320312408575,2.3226320312408575,0.0,Google,stocks
LONG,2025-08-27 10:05:00-04:00,645.530129296875,644.4198829101563,647.7502220703125,645.530029296875,644.4199829101562,1.11004638671875,15,2025-08-27 16:20:00-04:00,644.4198829101563,STOP_LOSS,-16.653695800780497,SPY,375.0,10200.453442871127,200.45344287111584,245.88450097658233,-45.43105810546649,S&P 500 ETF,stocks
LONG,2025-08-27 10:10:00-04:00,572.2101219726562,570.3698951171875,575.8901756835937,572.2100219726562,570.3699951171875,1.84002685546875,18,2025-08-27 16:20:00-04:00,570.3698951171875,STOP_LOSS,-33.124083398436596,QQQ,370.0,10385.979682617191,385.97968261720507,575.3663328125112,-189.38665019530617,Nasdaq ETF,stocks
LONG,2025-08-27 10:20:00-04:00,503.5701073242188,500.1599036621094,510.39011464843765,503.5700073242188,500.1600036621094,3.410003662109432,21,2025-08-27 16:00:00-04:00,500.1599036621094,STOP_LOSS,-71.61427690429701,MSFT,340.0,10687.24304921878,687.2430492187755,758.8573261230724,-71.61427690429696,Microsoft,stocks
LONG,2025-08-27 10:25:00-04:00,311.40009389648435,310.7698890136719,312.66010366210935,311.3999938964844,310.7699890136719,0.6300048828125,32,2025-08-27 12:45:00-04:00,312.66010366210935,TAKE_PROFIT,40.3203125,GLD,140.0,10194.478962255902,194.47896225590063,194.47896225590063,0.0,Gold ETF,commodities
LONG,2025-08-27 10:25:00-04:00,3430.800148828125,3423.699851171875,3445.000344140625,3430.800048828125,3423.699951171875,7.10009765625,2,2025-08-27 12:30:00-04:00,3445.000344140625,TAKE_PROFIT,28.400390625,GC=F,125.0,10317.59282734373,317.59282734372937,317.69519257811044,-0.10236523438106815,Gold,commodities
LONG,2025-08-27 10:35:00-04:00,230.2501,228.2948981689453,234.16010366210938,230.25,228.2949981689453,1.9550018310546875,40,2025-08-27 16:40:00-04:00,228.2948981689453,STOP_LOSS,-78.20807324218777,AAPL,365.0,9229.278758471688,-770.7212415283096,-24.73254565429633,-745.9886958740133,Apple,stocks
SHORT,2025-08-27 15:10:00-04:00,349.7798987792969,355.3901146484375,338.55986704101565,355.3900146484375,349.7799987792969,5.610015869140625,14,2025-08-27 16:40:00-04:00,338.55986704101565,TAKE_PROFIT,157.0804443359375,TSLA,90.0,8366.157940478548,-1633.8420595214552,488.22672919922206,-2122.0687887206773,Tesla,stocks
LONG,2025-08-27 16:25:00-04:00,572.2101219726562,570.3698951171875,575.8901756835937,572.2100219726562,570.3699951171875,1.84002685546875,18,2025-08-27 16:50:00-04:00,570.3698951171875,STOP_LOSS,-33.124083398436596,QQQ,25.0,10352.855599218754,352.8555992187685,575.3663328125112,-222.51073359374277,Nasdaq ETF,stocks
LONG,2025-08-27 16:25:00-04:00,645.530129296875,644.4198829101563,647.7502220703125,645.530029296875,644.4199829101562,1.11004638671875,15,2025-08-27 16:45:00-04:00,647.7502220703125,TAKE_PROFIT,33.3013916015625,SPY,20.0,10233.75483447269,233.75483447267834,245.88450097658233,-12.12966650390399,S&P 500 ETF,stocks
LONG,2025-08-27 16:55:00-04:00,645.530129296875,644.4198829101563,647.7502220703125,645.530029296875,644.4199829101562,1.11004638671875,15,2025-08-28 12:10:00-04:00,647.7502220703125,TAKE_PROFIT,33.3013916015625,SPY,1155.0,10267.056226074252,267.05622607424084,267.05622607424084,0.0,S&P 500 ETF,stocks
LONG,2025-08-27 17:20:00-04:00,207.53009877929688,205.6648932861328,211.260109765625,207.52999877929688,205.6649932861328,1.8650054931640625,48,2025-08-28 11:05:00-04:00,211.260109765625,TAKE_PROFIT,179.04052734375,GOOGL,1065.0,10181.363159374985,181.36315937499086,181.36315937499086,0.0,Google,stocks
SHORT,2025-08-27 23:40:00+01:00,1.164722340011597,1.1658729148864746,1.1628211902618415,1.1657729148864746,1.164822340011597,0.0009505748748777076,8671,2025-08-28 11:15:00+01:00,1.1658729148864746,STOP_LOSS,-9.976634740064412,EURUSD=X,695.0,10090.051010873607,90.05101087360879,100.0276456136732,-9.976634740064412,EUR/USD,forex
LONG,2025-08-28 09:50:00-04:00,313.7001122070312,313.0699073242188,314.9601219726562,313.70001220703125,313.07000732421875,0.6300048828125,32,2025-08-28 15:50:00-04:00,314.9601219726562,TAKE_PROFIT,40.3203125,GLD,360.0,10234.799274755902,234.79927475590063,234.79927475590063,0.0,Gold ETF,commodities
LONG,2025-08-28 09:50:00-04:00,3464.10019765625,3459.39980234375,3473.50058828125,3464.10009765625,3459.39990234375,4.7001953125,2,2025-08-28 11:30:00-04:00,3459.39980234375,STOP_LOSS,-9.400790625000809,GC=F,100.0,10308.192036718729,308.19203671872856,317.69519257811044,-9.503155859381877,Gold,commodities
SHORT,2025-08-28 09:50:00-04:00,506.3998938964844,510.2389000488281,498.7222815917969,510.2388000488281,506.3999938964844,3.83880615234375,21,2025-08-28 15:40:00-04:00,510.2389000488281,STOP_LOSS,-80.6191291992177,MSFT,350.0,10606.623920019561,606.6239200195578,758.8573261230724,-152.23340610351465,Microsoft,stocks
SHORT,2025-08-28 10:05:00-04:00,349.009909765625,353.5500877929687,339.9299537109375,353.54998779296875,349.010009765625,4.53997802734375,18,2025-08-28 17:20:00-04:00,353.5500877929687,STOP_LOSS,-81.7232044921866,TSLA,435.0,8284.43473598636,-1715.5652640136418,488.22672919922206,-2203.791993212864,Tesla,stocks
SHORT,2025-08-28 10:25:00-04:00,573.8498755859375,576.530129296875,568.4897681640625,576.530029296875,573.8499755859375,2.6800537109375,18,2025-08-28 11:15:00-04:00,576.530129296875,STOP_LOSS,-48.244566796874096,QQQ,50.0,10304.611032421879,304.6110324218944,575.3663328125112,-270.75530039061687,Nasdaq ETF,stocks
LONG,2025-08-28 10:40:00-04:00,230.8801048828125,229.33490671386718,233.97010122070313,230.8800048828125,229.3350067138672,1.5449981689453125,39,2025-08-28 17:20:00-04:00,229.33490671386718,STOP_LOSS,-60.262728588867446,AAPL,400.0,9169.016029882821,-830.983970117177,-24.73254565429633,-806.2514244628807,Apple,stocks
LONG,2025-08-28 10:50:00-04:00,230.8601006103516,228.56990732421875,235.44008718261728,230.8600006103516,228.57000732421875,2.289993286132841,40,2025-08-28 17:25:00-04:00,228.56990732421875,STOP_LOSS,-91.6077314453139,AMZN,395.0,9336.984033178704,-663.0159668212938,-84.89996899413575,-578.115997827158,Amazon,stocks
LONG,2025-08-28 11:50:00-04:00,3464.10019765625,3459.39980234375,3473.50058828125,3464.10009765625,3459.39990234375,4.7001953125,2,2025-08-28 12:20:00-04:00,3473.50058828125,TAKE_PROFIT,18.80078125,GC=F,30.0,10326.992817968729,326.99281796872856,326.99281796872856,0.0,Gold,commodities
LONG,2025-08-28 12:25:00-04:00,23743.2501,23629.2499,23971.2501,23743.25,23629.25,114.0,1,2025-08-29 09:50:00-04:00,23629.2499,STOP_LOSS,-114.00020000000222,MNQ=F,1285.0,10653.497399999971,653.4973999999711,767.4975999999733,-114.00020000000222,Micro Nasdaq,futures
LONG,2025-08-28 12:25:00-04:00,23742.2501,23629.7499,23967.2501,23742.25,23629.75,112.5,1,2025-08-29 09:50:00-04:00,23629.7499,STOP_LOSS,-112.50020000000222,NQ=F,1285.0,10572.247199999969,572.2471999999689,684.7473999999711,-112.50020000000222,Nasdaq Futures,futures
LONG,2025-08-28 12:25:00-04:00,576.530129296875,573.8498755859375,581.89023671875,576.530029296875,573.8499755859375,2.6800537109375,17,2025-08-28 17:35:00-04:00,573.8498755859375,STOP_LOSS,-45.56431308593665,QQQ,310.0,10259.046719335942,259.04671933595773,575.3663328125112,-316.3196134765535,Nasdaq ETF,stocks
LONG,2025-08-28 12:25:00-04:00,648.0901268554687,646.5398780273438,651.1902245117187,648.0900268554688,646.5399780273438,1.550048828125,15,2025-08-29 09:50:00-04:00,646.5398780273438,STOP_LOSS,-23.253732421874247,SPY,1285.0,10243.802493652378,243.8024936523666,267.05622607424084,-23.253732421874247,S&P 500 ETF,stocks
LONG,2025-08-28 15:40:00-04:00,510.2389000488281,506.3998938964844,517.9165123535156,510.2388000488281,506.3999938964844,3.83880615234375,20,2025-08-28 17:20:00-04:00,506.3998938964844,STOP_LOSS,-76.780123046874,MSFT,100.0,10529.843796972687,529.8437969726838,758.8573261230724,-229.01352915038865,Microsoft,stocks
LONG,2025-08-28 18:00:00-04:00,510.2389000488281,506.3998938964844,517.9165123535156,510.2388000488281,506.3999938964844,3.83880615234375,20,2025-08-29 09:50:00-04:00,506.3998938964844,STOP_LOSS,-76.780123046874,MSFT,950.0,10453.063673925813,453.0636739258098,758.8573261230724,-305.79365219726265,Microsoft,stocks
LONG,2025-08-28 19:05:00-04:00,576.530129296875,573.8498755859375,581.89023671875,576.530029296875,573.8499755859375,2.6800537109375,17,2025-08-29 09:50:00-04:00,573.8498755859375,STOP_LOSS,-45.56431308593665,QQQ,885.0,10213.482406250005,213.48240625002109,575.3663328125112,-361.88392656249016,Nasdaq ETF,stocks
SHORT,2025-08-29 02:50:00+01:00,1.1662167476654053,1.1669611764907837,1.1651278900146484,1.1668611764907837,1.1663167476654053,0.000544428825378418,8651,2025-08-29 06:45:00+01:00,1.1669611764907837,STOP_LOSS,-6.440053768348504,EURUSD=X,235.0,10083.610957105258,83.61095710526028,100.0276456136732,-16.416688508412918,EUR/USD,forex
LONG,2025-08-29 06:50:00+01:00,1.1669611764907837,1.1662167476654053,1.1680500341415405,1.1668611764907837,1.1663167476654053,0.000544428825378418,8640,2025-08-29 09:00:00+01:00,1.1680500341415405,TAKE_PROFIT,9.407730102539062,EURUSD=X,130.0,10093.018687207797,93.01868720779935,100.0276456136732,-7.008958405873855,EUR/USD,forex
LONG,2025-08-29 12:15:00+01:00,1.1669611764907837,1.1662167476654053,1.1680500341415405,1.1668611764907837,1.1663167476654053,0.000544428825378418,8648,2025-08-29 13:10:00+01:00,1.1662167476654053,STOP_LOSS,-6.437820481872368,EURUSD=X,55.0,10086.580866725924,86.58086672592698,100.0276456136732,-13.44677888774622,EUR/USD,forex
LONG,2025-08-29 09:50:00-04:00,3486.200051171875,3475.59999765625,3507.399758203125,3486.199951171875,3475.60009765625,10.599853515625,2,2025-08-29 11:15:00-04:00,3507.399758203125,TAKE_PROFIT,42.3994140625,GC=F,85.0,10369.392232031229,369.39223203122856,369.39223203122856,0.0,Gold,commodities
SHORT,2025-08-29 09:50:00-04:00,646.0649024414063,647.7582176757812,642.6786719726563,647.7581176757812,646.0650024414062,1.693115234375,15,2025-08-29 16:00:00-04:00,647.7582176757812,STOP_LOSS,-25.399728515624247,SPY,370.0,10218.402765136754,218.40276513674235,267.05622607424084,-48.653460937498494,S&P 500 ETF,stocks
SHORT,2025-08-29 09:55:00-04:00,23537.4999,23668.0001,23276.4999,23668.0,23537.5,130.5,1,2025-09-02 09:50:00-04:00,23276.4999,TAKE_PROFIT,261.0,MNQ=F,5755.0,10914.497399999971,914.4973999999711,914.4973999999711,0.0,Micro Nasdaq,futures
LONG,2025-08-29 09:55:00-04:00,315.485207421875,314.71001352539065,317.0351952148437,315.485107421875,314.7101135253906,0.774993896484375,32,2025-08-29 11:15:00-04:00,317.0351952148437,TAKE_PROFIT,49.599609375,GLD,80.0,10284.398884130902,284.3988841309006,284.3988841309006,0.0,Gold ETF,commodities
SHORT,2025-08-29 09:55:00-04:00,23538.2499,23668.0001,23278.7499,23668.0,23538.25,129.75,1,2025-09-02 09:50:00-04:00,23278.7499,TAKE_PROFIT,259.5,NQ=F,5755.0,10831.747199999969,831.7471999999689,831.7471999999689,0.0,Nasdaq Futures,futures
SHORT,2025-08-29 09:55:00-04:00,505.3598853515625,509.6001061035156,496.8798438476563,509.6000061035156,505.3599853515625,4.240020751953125,20,2025-08-29 16:10:00-04:00,509.6001061035156,STOP_LOSS,-84.8044150390615,MSFT,375.0,10368.259258886752,368.2592588867483,758.8573261230724,-390.59806723632414,Microsoft,stocks
SHORT,2025-08-29 09:55:00-04:00,343.360007421875,348.7500084472656,332.5804053710938,348.7499084472656,343.360107421875,5.389801025390625,15,2025-08-29 14:25:00-04:00,332.5804053710938,TAKE_PROFIT,161.69403076171875,TSLA,270.0,8446.12876674808,-1553.871233251923,488.22672919922206,-2042.0979624511451,Tesla,stocks
SHORT,2025-08-29 09:55:00-04:00,571.904929296875,575.030129296875,565.654929296875,575.030029296875,571.905029296875,3.125,17,2025-08-29 17:00:00-04:00,565.654929296875,TAKE_PROFIT,106.25,QQQ,425.0,10319.732406250005,319.7324062500211,575.3663328125112,-255.63392656249016,Nasdaq ETF,stocks
SHORT,2025-08-29 09:55:00-04:00,229.7300025390625,231.8126,225.5652076171875,231.8125,229.7301025390625,2.0823974609375,40,2025-08-29 16:05:00-04:00,225.5652076171875,TAKE_PROFIT,166.591796875,AMZN,370.0,9503.575830053704,-496.4241699462938,-84.89996899413575,-411.524200952158,Amazon,stocks
SHORT,2025-08-29 10:05:00-04:00,231.82990183105468,233.36139760742188,228.7673102783203,233.36129760742188,231.8300018310547,1.5312957763671875,39,2025-08-29 16:55:00-04:00,228.7673102783203,TAKE_PROFIT,119.44107055664062,AAPL,410.0,9288.457100439462,-711.5428995605364,-24.73254565429633,-686.81035390624,Apple,stocks
LONG,2025-08-29 10:20:00-04:00,212.34009633789066,210.2399054931641,216.54007802734378,212.33999633789065,210.2400054931641,2.0999908447265625,47,2025-09-02 09:50:00-04:00,210.2399054931641,STOP_LOSS,-98.70896970214875,GOOGL,5730.0,10082.654189672836,82.65418967284211,181.36315937499086,-98.70896970214875,Google,stocks
LONG,2025-09-02 00:40:00+01:00,1.171883447265625,1.1711344884872437,1.1729813648223877,1.171783447265625,1.1712344884872437,0.0005489587783813477,8607,2025-09-02 01:05:00+01:00,1.1711344884872437,STOP_LOSS,-6.44628820552807,EURUSD=X,25.0,10080.134578520396,80.13457852039892,100.0276456136732,-19.893067093274283,EUR/USD,forex
SHORT,2025-09-02 01:05:00+01:00,1.1711344884872437,1.171883447265625,1.170036570930481,1.171783447265625,1.1712344884872437,0.0005489587783813477,8607,2025-09-02 03:05:00+01:00,1.170036570930481,TAKE_PROFIT,9.449776411056519,EURUSD=X,120.0,10089.584354931452,89.58435493145544,100.0276456136732,-10.443290682217764,EUR/USD,forex
LONG,2025-09-02 09:55:00-04:00,503.40009389648435,496.8098975585938,516.5800865722656,503.3999938964844,496.80999755859375,6.589996337890625,15,2025-09-02 16:50:00-04:00,496.8098975585938,STOP_LOSS,-98.85294506835862,MSFT,415.0,10269.406313818394,269.40631381838966,758.8573261230724,-489.45101230468276,Microsoft,stocks
LONG,2025-09-02 10:05:00-04:00,3556.10019765625,3542.09999765625,3584.10019765625,3556.10009765625,3542.10009765625,14.0,2,2025-09-02 11:45:00-04:00,3584.10019765625,TAKE_PROFIT,56.0,GC=F,100.0,10425.392232031229,425.39223203122856,425.39223203122856,0.0,Gold,commodities
LONG,2025-09-02 10:05:00-04:00,321.65009389648435,320.239890234375,324.4701012207031,321.6499938964844,320.239990234375,1.410003662109375,31,2025-09-02 12:10:00-04:00,324.4701012207031,TAKE_PROFIT,87.42022705078125,GLD,125.0,10371.819111181683,371.8191111816819,371.8191111816819,0.0,Gold ETF,commodities
LONG,2025-09-02 10:25:00-04:00,332.42011342773435,325.59990610351565,346.06012807617185,332.4200134277344,325.6000061035156,6.82000732421875,12,2025-09-02 16:55:00-04:00,346.06012807617185,TAKE_PROFIT,163.68017578125,TSLA,390.0,8609.80894252933,-1390.191057470673,488.22672919922206,-1878.4177866698951,Tesla,stocks
LONG,2025-09-02 10:30:00-04:00,209.5519035888672,207.5573951171875,213.54052053222657,209.5518035888672,207.5574951171875,1.9943084716796875,48,2025-09-02 10:50:00-04:00,207.5573951171875,STOP_LOSS,-95.73640664062532,GOOGL,20.0,9986.917783032211,-13.08221696778321,181.36315937499086,-194.44537634277407,Google,stocks
SHORT,2025-09-02 11:10:00-04:00,207.5573951171875,209.5519035888672,203.56877817382812,209.5518035888672,207.5574951171875,1.9943084716796875,48,2025-09-02 13:40:00-04:00,209.5519035888672,STOP_LOSS,-95.73640664062532,GOOGL,150.0,9891.181376391585,-108.81862360840853,181.36315937499086,-290.1817829833994,Google,stocks
SHORT,2025-09-02 11:15:00-04:00,223.4899054931641,225.41010366210935,219.64990915527358,225.41000366210935,223.4900054931641,1.9199981689452557,42,2025-09-02 13:35:00-04:00,225.41010366210935,STOP_LOSS,-80.64832309570102,AMZN,140.0,9422.927506958004,-577.0724930419948,-84.89996899413575,-492.17252404785904,Amazon,stocks
SHORT,2025-09-02 11:20:00-04:00,227.68990244140625,229.8700951171875,223.32991708984375,229.8699951171875,227.69000244140625,2.17999267578125,40,2025-09-02 15:55:00-04:00,229.8700951171875,STOP_LOSS,-87.20770703125027,AAPL,275.0,9201.249393408212,-798.7506065917867,-24.73254565429633,-774.0180609374903,Apple,stocks
SHORT,2025-09-02 11:35:00-04:00,636.0498877929688,637.8700951171875,632.4098731445313,637.8699951171875,636.0499877929688,1.82000732421875,16,2025-09-02 13:30:00-04:00,637.8700951171875,STOP_LOSS,-29.123317187499197,SPY,115.0,10189.279447949255,189.27944794924315,267.05622607424084,-77.77677812499769,S&P 500 ETF,stocks
LONG,2025-09-02 13:30:00-04:00,637.8700951171875,636.0498877929688,641.510109765625,637.8699951171875,636.0499877929688,1.82000732421875,15,2025-09-02 16:00:00-04:00,641.510109765625,TAKE_PROFIT,54.6002197265625,SPY,150.0,10243.879667675817,243.87966767580565,267.05622607424084,-23.17655839843519,S&P 500 ETF,stocks
LONG,2025-09-02 13:35:00-04:00,23200.0001,23025.2499,23549.5001,23200.0,23025.25,174.75,1,2025-09-04 11:25:00-04:00,23549.5001,TAKE_PROFIT,349.5,NQ=F,2750.0,11181.247199999969,1181.2471999999689,1181.2471999999689,0.0,Nasdaq Futures,futures
LONG,2025-09-02 13:35:00-04:00,563.760109765625,559.5548926757813,572.1701439453125,563.760009765625,559.5549926757812,4.20501708984375,18,2025-09-03 17:20:00-04:00,559.5548926757813,STOP_LOSS,-75.6939076171866,QQQ,1665.0,10244.038498632817,244.0384986328345,575.3663328125112,-331.32783417967676,Nasdaq ETF,stocks
LONG,2025-09-02 13:35:00-04:00,225.41010366210935,223.4899054931641,229.25009999999986,225.41000366210935,223.4900054931641,1.9199981689452557,41,2025-09-02 17:10:00-04:00,223.4899054931641,STOP_LOSS,-78.72812492675575,AMZN,215.0,9344.199382031247,-655.8006179687505,-84.89996899413575,-570.9006489746148,Amazon,stocks
LONG,2025-09-02 13:35:00-04:00,23200.0001,23024.9999,23550.0001,23200.0,23025.0,175.0,1,2025-09-04 11:25:00-04:00,23550.0001,TAKE_PROFIT,350.0,MNQ=F,2750.0,11264.497399999971,1264.497399999971,1264.497399999971,0.0,Micro Nasdaq,futures
LONG,2025-09-02 13:40:00-04:00,209.5519035888672,207.5573951171875,213.54052053222657,209.5518035888672,207.5574951171875,1.9943084716796875,47,2025-09-02 16:05:00-04:00,213.54052053222657,TAKE_PROFIT,187.46499633789062,GOOGL,145.0,10078.646372729476,78.6463727294821,181.36315937499086,-102.71678664550876,Google,stocks
LONG,2025-09-02 16:05:00-04:00,229.8700951171875,227.68990244140625,234.23008046875,229.8699951171875,227.69000244140625,2.17999267578125,40,2025-09-02 16:10:00-04:00,234.23008046875,TAKE_PROFIT,174.3994140625,AAPL,5.0,9375.648807470712,-624.3511925292867,-24.73254565429633,-599.6186468749903,Apple,stocks
LONG,2025-09-02 17:20:00-04:00,225.41010366210935,223.4899054931641,229.25009999999986,225.41000366210935,223.4900054931641,1.9199981689452557,41,2025-09-02 17:30:00-04:00,223.4899054931641,STOP_LOSS,-78.72812492675575,AMZN,10.0,9265.471257104491,-734.5287428955063,-84.89996899413575,-649.6287739013706,Amazon,stocks
LONG,2025-09-02 17:25:00-04:00,503.40009389648435,496.8098975585938,516.5800865722656,503.3999938964844,496.80999755859375,6.589996337890625,15,2025-09-02 17:30:00-04:00,516.5800865722656,TAKE_PROFIT,197.69989013671875,MSFT,5.0,10467.106203955113,467.1062039551084,758.8573261230724,-291.751122167964,Microsoft,stocks
LONG,2025-09-02 17:35:00-04:00,503.40009389648435,496.8098975585938,516.5800865722656,503.3999938964844,496.80999755859375,6.589996337890625,15,2025-09-02 17:40:00-04:00,496.8098975585938,STOP_LOSS,-98.85294506835862,MSFT,5.0,10368.253258886754,368.2532588867498,758.8573261230724,-390.60406723632263,Microsoft,stocks
SHORT,2025-09-03 00:00:00+01:00,1.163908855819702,1.165329558944702,1.161467449569702,1.165229558944702,1.164008855819702,0.001220703125,8668,2025-09-03 08:20:00+01:00,1.161467449569702,TAKE_PROFIT,21.162109375,EURUSD=X,500.0,10110.746464306452,110.74646430645544,110.74646430645544,0.0,EUR/USD,forex
LONG,2025-09-03 09:15:00+01:00,1.165329558944702,1.163908855819702,1.167770965194702,1.165229558944702,1.164008855819702,0.001220703125,8676,2025-09-03 15:10:00+01:00,1.167770965194702,TAKE_PROFIT,21.181640625,EURUSD=X,355.0,10131.928104931452,131.92810493145544,131.92810493145544,0.0,EUR/USD,forex
SHORT,2025-09-03 09:55:00-04:00,642.0998755859375,643.23008046875,639.8398658203125,643.22998046875,642.0999755859375,1.1300048828125,15,2025-09-03 10:30:00-04:00,643.23008046875,STOP_LOSS,-16.953073242186747,SPY,35.0,10226.926594433631,226.9265944336189,267.05622607424084,-40.12963164062194,S&P 500 ETF,stocks
LONG,2025-09-03 09:55:00-04:00,229.4000938964844,224.7898932861328,238.6200951171876,229.3999938964844,224.7899932861328,4.610000610351591,21,2025-09-03 16:40:00-04:00,224.7898932861328,STOP_LOSS,-96.81421281738355,GOOGL,405.0,9981.832159912092,-18.167840087901453,181.36315937499086,-199.5309994628923,Google,stocks
LONG,2025-09-03 10:20:00-04:00,335.1001061035156,328.509909765625,348.28009877929685,335.1000061035156,328.510009765625,6.589996337890625,13,2025-09-03 16:40:00-04:00,328.509909765625,STOP_LOSS,-85.67255239257747,TSLA,380.0,8524.136390136751,-1475.8636098632505,488.22672919922206,-1964.0903390624726,Tesla,stocks
LONG,2025-09-03 10:20:00-04:00,3627.700051171875,3613.299948828125,3656.499855859375,3627.699951171875,3613.300048828125,14.39990234375,2,2025-09-03 18:05:00-04:00,3613.299948828125,STOP_LOSS,-28.80020468750081,GC=F,465.0,10396.592027343728,396.59202734372775,425.39223203122856,-28.80020468750081,Gold,commodities
LONG,2025-09-03 10:20:00-04:00,327.8600853515625,326.7300025390625,330.1198509765625,327.8599853515625,326.7301025390625,1.1298828125,31,2025-09-03 17:25:00-04:00,330.1198509765625,TAKE_PROFIT,70.052734375,GLD,425.0,10441.871845556683,441.8718455566819,441.8718455566819,0.0,Gold ETF,commodities
LONG,2025-09-03 10:30:00-04:00,643.23008046875,642.0998755859375,645.490090234375,643.22998046875,642.0999755859375,1.1300048828125,15,2025-09-03 12:00:00-04:00,642.0998755859375,STOP_LOSS,-16.953073242186747,SPY,90.0,10209.973521191445,209.97352119143216,267.05622607424084,-57.082704882808684,S&P 500 ETF,stocks
SHORT,2025-09-03 12:40:00-04:00,642.0998755859375,643.23008046875,639.8398658203125,643.22998046875,642.0999755859375,1.1300048828125,15,2025-09-03 15:55:00-04:00,643.23008046875,STOP_LOSS,-16.953073242186747,SPY,195.0,10193.020447949259,193.0204479492454,267.05622607424084,-74.03577812499543,S&P 500 ETF,stocks
SHORT,2025-09-03 14:00:00-04:00,224.8998938964844,227.1700066162109,220.3600684570314,227.1699066162109,224.8999938964844,2.2699127197265057,40,2025-09-03 16:40:00-04:00,227.1700066162109,STOP_LOSS,-90.80450878906049,AMZN,160.0,9174.66674831543,-825.3332516845668,-84.89996899413575,-740.433282690431,Amazon,stocks
SHORT,2025-09-03 14:00:00-04:00,503.04988779296883,507.79010854492185,493.5698462890627,507.7900085449219,503.0499877929688,4.740020751953068,20,2025-09-03 17:10:00-04:00,507.79010854492185,STOP_LOSS,-94.80441503906036,MSFT,190.0,10273.448843847695,273.44884384768943,758.8573261230724,-485.408482275383,Microsoft,stocks
LONG,2025-09-03 15:55:00-04:00,237.97010122070313,234.3698951171875,245.17011342773438,237.97000122070312,234.3699951171875,3.600006103515625,26,2025-09-03 16:40:00-04:00,234.3698951171875,STOP_LOSS,-93.60535869140642,AAPL,45.0,9282.043448779306,-717.9565512206931,-24.73254565429633,-693.2240055663967,Apple,stocks
LONG,2025-09-03 17:20:00-04:00,237.97010122070313,234.3698951171875,245.17011342773438,237.97000122070312,234.3699951171875,3.600006103515625,25,2025-09-03 17:30:00-04:00,234.3698951171875,STOP_LOSS,-90.00515258789079,AAPL,10.0,9192.038296191415,-807.9617038085839,-24.73254565429633,-783.2291581542876,Apple,stocks
SHORT,2025-09-03 17:35:00-04:00,503.04988779296883,507.79010854492185,493.5698462890627,507.7900085449219,503.0499877929688,4.740020751953068,20,2025-09-03 17:40:00-04:00,507.79010854492185,STOP_LOSS,-94.80441503906036,MSFT,5.0,10178.644428808635,178.64442880862907,758.8573261230724,-580.2128973144434,Microsoft,stocks
LONG,2025-09-03 18:05:00-04:00,227.1700066162109,224.8998938964844,231.70983205566392,227.1699066162109,224.8999938964844,2.2699127197265057,40,2025-09-04 09:50:00-04:00,231.70983205566392,TAKE_PROFIT,181.59301757812045,AMZN,945.0,9356.259765893552,-643.7402341064463,-84.89996899413575,-558.8402651123106,Amazon,stocks
SHORT,2025-09-03 18:05:00-04:00,3613.299948828125,3627.700051171875,3584.500144140625,3627.699951171875,3613.300048828125,14.39990234375,2,2025-09-03 22:50:00-04:00,3584.500144140625,TAKE_PROFIT,57.599609375,GC=F,285.0,10454.191636718728,454.19163671872775,454.19163671872775,0.0,Gold,commodities
SHORT,2025-09-03 18:20:00-04:00,503.04988779296883,507.79010854492185,493.5698462890627,507.7900085449219,503.0499877929688,4.740020751953068,20,2025-09-04 11:20:00-04:00,507.79010854492185,STOP_LOSS,-94.80441503906036,MSFT,1020.0,10083.840013769575,83.84001376956871,758.8573261230724,-675.0173123535037,Microsoft,stocks
LONG,2025-09-03 18:30:00-04:00,327.8600853515625,326.7300025390625,330.1198509765625,327.8599853515625,326.7301025390625,1.1298828125,31,2025-09-04 09:50:00-04:00,326.7300025390625,STOP_LOSS,-35.032567187498444,GLD,920.0,10406.839278369185,406.83927836918343,441.8718455566819,-35.032567187498444,Gold ETF,commodities
LONG,2025-09-03 18:50:00-04:00,569.5901268554687,567.97988046875,572.8102196289062,569.5900268554688,567.97998046875,1.61004638671875,17,2025-09-04 13:00:00-04:00,572.8102196289062,TAKE_PROFIT,54.7415771484375,QQQ,1090.0,10298.780075781255,298.780075781272,575.3663328125112,-276.58625703123926,Nasdaq ETF,stocks
LONG,2025-09-03 19:05:00-04:00,237.97010122070313,234.3698951171875,245.17011342773438,237.97000122070312,234.3699951171875,3.600006103515625,25,2025-09-04 16:35:00-04:00,234.3698951171875,STOP_LOSS,-90.00515258789079,AAPL,1290.0,9102.033143603523,-897.9668563964747,-24.73254565429633,-873.2343107421783,Apple,stocks
LONG,2025-09-04 06:05:00+01:00,1.1654653383255005,1.1641799377441406,1.1676361394882202,1.1653653383255005,1.1642799377441406,0.0010854005813598633,8693,2025-09-04 13:35:00+01:00,1.1641799377441406,STOP_LOSS,-11.1739872537611,EURUSD=X,450.0,10120.75411767769,120.75411767769434,131.92810493145544,-11.173987253761098,EUR/USD,forex
SHORT,2025-09-04 13:35:00+01:00,1.1641799377441406,1.1654653383255005,1.162009136581421,1.1653653383255005,1.1642799377441406,0.0010854005813598633,8693,2025-09-04 14:20:00+01:00,1.1654653383255005,STOP_LOSS,-11.1739872537611,EURUSD=X,45.0,10109.580130423928,109.58013042393324,131.92810493145544,-22.347974507522196,EUR/USD,forex
LONG,2025-09-04 14:20:00+01:00,1.1654653383255005,1.1641799377441406,1.1676361394882202,1.1653653383255005,1.1642799377441406,0.0010854005813598633,8674,2025-09-04 15:00:00+01:00,1.1641799377441406,STOP_LOSS,-11.149564642715262,EURUSD=X,40.0,10098.430565781213,98.43056578121798,131.92810493145544,-33.49753915023746,EUR/USD,forex
SHORT,2025-09-04 09:50:00-04:00,227.17989267578125,230.31009755859372,220.9198829101563,230.30999755859372,227.17999267578125,3.1300048828124716,31,2025-09-04 14:05:00-04:00,230.31009755859372,STOP_LOSS,-97.03635136718682,GOOGL,255.0,9884.795808544905,-115.20419145508828,181.36315937499086,-296.56735083007914,Google,stocks
SHORT,2025-09-04 10:00:00-04:00,3602.199851171875,3617.800148828125,3570.999655859375,3617.800048828125,3602.199951171875,15.60009765625,2,2025-09-04 23:50:00-04:00,3617.800148828125,STOP_LOSS,-31.20059531250081,GC=F,830.0,10422.991041406227,422.99104140622694,454.19163671872775,-31.20059531250081,Gold,commodities
SHORT,2025-09-04 10:00:00-04:00,644.1899024414063,645.3000877929687,641.9699317382813,645.2999877929688,644.1900024414062,1.1099853515625,15,2025-09-04 10:30:00-04:00,645.3000877929687,STOP_LOSS,-16.652780273436747,SPY,30.0,10176.367667675822,176.36766767580866,267.05622607424084,-90.68855839843218,S&P 500 ETF,stocks
SHORT,2025-09-04 10:00:00-04:00,326.1198951171875,327.56009755859367,323.23989023437514,327.5599975585937,326.1199951171875,1.4400024414061932,31,2025-09-05 09:50:00-04:00,327.56009755859367,STOP_LOSS,-44.64627568359043,GLD,1430.0,10362.193002685595,362.193002685593,441.8718455566819,-79.67884287108888,Gold ETF,commodities
SHORT,2025-09-04 10:00:00-04:00,332.9999,337.635109765625,323.72988046875,337.635009765625,333.0,4.635009765625,18,2025-09-04 15:20:00-04:00,337.635109765625,STOP_LOSS,-83.4337757812491,TSLA,320.0,8440.702614355501,-1559.2973856444996,488.22672919922206,-2047.5241148437217,Tesla,stocks
LONG,2025-09-04 10:35:00-04:00,645.3000877929687,644.1899024414063,647.5200584960937,645.2999877929688,644.1900024414062,1.1099853515625,15,2025-09-04 14:15:00-04:00,647.5200584960937,TAKE_PROFIT,33.299560546875,SPY,220.0,10209.667228222697,209.66722822268366,267.05622607424084,-57.38899785155718,S&P 500 ETF,stocks
LONG,2025-09-04 11:50:00-04:00,23548.2501,23457.2499,23730.2501,23548.25,23457.25,91.0,1,2025-09-04 20:55:00-04:00,23730.2501,TAKE_PROFIT,182.0,NQ=F,545.0,11363.247199999969,1363.2471999999689,1363.2471999999689,0.0,Nasdaq Futures,futures
LONG,2025-09-04 11:50:00-04:00,23548.2501,23457.2499,23730.2501,23548.25,23457.25,91.0,1,2025-09-04 20:55:00-04:00,23730.2501,TAKE_PROFIT,182.0,MNQ=F,545.0,11446.497399999971,1446.497399999971,1446.497399999971,0.0,Micro Nasdaq,futures
LONG,2025-09-04 12:50:00-04:00,506.90000234375,503.8598853515625,512.979836328125,506.89990234375,503.8599853515625,3.0399169921875,19,2025-09-04 16:35:00-04:00,512.979836328125,TAKE_PROFIT,115.516845703125,MSFT,225.0,10199.3568594727,199.3568594726937,758.8573261230724,-559.5004666503787,Microsoft,stocks
LONG,2025-09-04 13:00:00-04:00,572.3401268554687,570.1899024414063,576.6401756835937,572.3400268554688,570.1900024414062,2.1500244140625,17,2025-09-04 16:55:00-04:00,570.1899024414063,STOP_LOSS,-36.55381503906165,QQQ,235.0,10262.226260742193,262.22626074221034,575.3663328125112,-313.1400720703009,Nasdaq ETF,stocks
LONG,2025-09-04 14:00:00-04:00,234.8801048828125,230.77989877929687,243.08011708984375,234.8800048828125,230.77999877929688,4.100006103515625,22,2025-09-04 16:35:00-04:00,230.77989877929687,STOP_LOSS,-90.2045342773439,AMZN,155.0,9266.055231616208,-733.9447683837902,-84.89996899413575,-649.0447993896545,Amazon,stocks
LONG,2025-09-04 14:10:00-04:00,230.31009755859372,227.17989267578125,236.57010732421867,230.30999755859372,227.17999267578125,3.1300048828124716,31,2025-09-04 17:10:00-04:00,227.17989267578125,STOP_LOSS,-97.03635136718682,GOOGL,180.0,9787.759457177717,-212.2405428222751,181.36315937499086,-393.603702197266,Google,stocks
LONG,2025-09-04 15:45:00-04:00,337.635109765625,332.9999,346.905129296875,337.635009765625,333.0,4.635009765625,18,2025-09-04 16:00:00-04:00,346.905129296875,TAKE_PROFIT,166.8603515625,TSLA,15.0,8607.562965918001,-1392.4370340819996,488.22672919922206,-1880.6637632812217,Tesla,stocks
LONG,2025-09-04 16:55:00-04:00,239.5486992431641,237.0398932861328,244.56591115722665,239.5485992431641,237.0399932861328,2.5086059570312784,36,2025-09-04 17:05:00-04:00,244.56591115722665,TAKE_PROFIT,180.61962890625205,AAPL,10.0,9282.652772509775,-717.3472274902226,-24.73254565429633,-692.6146818359263,Apple,stocks
LONG,2025-09-04 17:10:00-04:00,239.5486992431641,237.0398932861328,244.56591115722665,239.5485992431641,237.0399932861328,2.5086059570312784,37,2025-09-04 17:25:00-04:00,237.0398932861328,STOP_LOSS,-92.82582041015755,AAPL,15.0,9189.826952099618,-810.1730479003802,-24.73254565429633,-785.4405022460838,Apple,stocks
LONG,2025-09-05 00:35:00+01:00,1.1658729148864746,1.1652653383255005,1.1666880680084228,1.1657729148864746,1.1653653383255005,0.0004075765609741211,8661,2025-09-05 02:05:00+01:00,1.1666880680084228,TAKE_PROFIT,7.060041189193726,EURUSD=X,90.0,10105.490606970407,105.4906069704117,131.92810493145544,-26.437497961043732,EUR/USD,forex
LONG,2025-09-04 23:55:00-04:00,3617.800148828125,3602.199851171875,3649.000344140625,3617.800048828125,3602.199951171875,15.60009765625,2,2025-09-05 09:50:00-04:00,3649.000344140625,TAKE_PROFIT,62.400390625,GC=F,595.0,10485.391432031227,485.39143203122694,485.39143203122694,0.0,Gold,commodities
LONG,2025-09-05 09:50:00-04:00,235.17510305175782,232.1698981689453,241.18511281738282,235.1750030517578,232.1699981689453,3.0050048828125,32,2025-09-05 10:40:00-04:00,232.1698981689453,STOP_LOSS,-96.16655625000021,GOOGL,50.0,9691.592900927717,-308.4070990722753,181.36315937499086,-489.77025844726614,Google,stocks
LONG,2025-09-05 09:50:00-04:00,354.79999624023435,347.5699073242188,369.2597740722656,354.7998962402344,347.57000732421875,7.229888916015625,11,2025-09-05 10:15:00-04:00,347.5699073242188,STOP_LOSS,-79.53097807617132,TSLA,25.0,8528.03198784183,-1471.968012158171,488.22672919922206,-1960.194741357393,Tesla,stocks
LONG,2025-09-05 09:55:00-04:00,235.1500938964844,234.0199042724609,237.4100731445314,235.1499938964844,234.0200042724609,1.1299896240234943,39,2025-09-05 10:25:00-04:00,234.0199042724609,STOP_LOSS,-44.07739533691654,AMZN,30.0,9221.977836279291,-778.0221637207068,-84.89996899413575,-693.122194726571,Amazon,stocks
LONG,2025-09-05 09:55:00-04:00,330.740090234375,329.07988657226565,334.0600975585937,330.739990234375,329.0799865722656,1.660003662109375,31,2025-09-05 10:35:00-04:00,329.07988657226565,STOP_LOSS,-51.46631352538907,GLD,40.0,10310.726689160207,310.72668916020393,441.8718455566819,-131.14515639647794,Gold ETF,commodities
SHORT,2025-09-05 09:55:00-04:00,651.1299048828125,652.2101219726562,648.969870703125,652.2100219726562,651.1300048828125,1.08001708984375,15,2025-09-05 10:10:00-04:00,648.969870703125,TAKE_PROFIT,32.4005126953125,SPY,15.0,10242.06774091801,242.06774091799616,267.05622607424084,-24.98848515624468,S&P 500 ETF,stocks
LONG,2025-09-05 09:55:00-04:00,3650.5001,3631.699851171875,3688.10019765625,3650.5,3631.699951171875,18.800048828125,2,2025-09-05 10:40:00-04:00,3631.699851171875,STOP_LOSS,-37.60049765625081,GC=F,45.0,10447.790934374976,447.79093437497613,485.39143203122694,-37.60049765625081,Gold,commodities
LONG,2025-09-05 10:00:00-04:00,240.6200951171875,239.17989267578125,243.5001,240.6199951171875,239.17999267578125,1.44000244140625,38,2025-09-05 10:15:00-04:00,239.17989267578125,STOP_LOSS,-54.72769277343775,AAPL,15.0,9135.09925932618,-864.900740673818,-24.73254565429633,-840.1681950195216,Apple,stocks
SHORT,2025-09-05 10:05:00-04:00,23821.4999,23902.5001,23659.4999,23902.5,23821.5,81.0,1,2025-09-05 10:20:00-04:00,23659.4999,TAKE_PROFIT,162.0,MNQ=F,15.0,11608.497399999971,1608.497399999971,1608.497399999971,0.0,Micro Nasdaq,futures
SHORT,2025-09-05 10:05:00-04:00,579.2099219726563,581.1200951171875,575.3899756835938,581.1199951171875,579.2100219726562,1.90997314453125,17,2025-09-05 10:20:00-04:00,575.3899756835938,TAKE_PROFIT,64.9390869140625,QQQ,15.0,10327.165347656255,327.16534765627284,575.3663328125112,-248.2009851562384,Nasdaq ETF,stocks
SHORT,2025-09-05 10:05:00-04:00,23821.7499,23902.0001,23661.2499,23902.0,23821.75,80.25,1,2025-09-05 10:20:00-04:00,23661.2499,TAKE_PROFIT,160.5,NQ=F,15.0,11523.747199999969,1523.7471999999689,1523.7471999999689,0.0,Nasdaq Futures,futures
SHORT,2025-09-05 10:15:00-04:00,347.5699073242188,354.79999624023435,333.1101294921875,354.7998962402344,347.57000732421875,7.229888916015625,11,2025-09-05 16:55:00-04:00,354.79999624023435,STOP_LOSS,-79.53097807617132,TSLA,400.0,8448.50100976566,-1551.4989902343423,488.22672919922206,-2039.7257194335643,Tesla,stocks
SHORT,2025-09-05 10:20:00-04:00,499.9099036621094,511.9401024414063,475.84990610351554,511.9400024414063,499.9100036621094,12.029998779296932,8,2025-09-05 16:55:00-04:00,511.9401024414063,STOP_LOSS,-96.24159023437505,MSFT,395.0,10103.115269238326,103.11526923831866,758.8573261230724,-655.7420568847538,Microsoft,stocks
SHORT,2025-09-05 10:30:00-04:00,239.17989267578125,240.6200951171875,236.29988779296875,240.6199951171875,239.17999267578125,1.44000244140625,38,2025-09-05 17:05:00-04:00,236.29988779296875,TAKE_PROFIT,109.440185546875,AAPL,395.0,9244.539444873055,-755.460555126943,-24.73254565429633,-730.7280094726466,Apple,stocks
SHORT,2025-09-05 10:35:00-04:00,234.0199042724609,235.1500938964844,231.75992502441392,235.1499938964844,234.0200042724609,1.1299896240234943,39,2025-09-05 16:10:00-04:00,231.75992502441392,TAKE_PROFIT,88.13919067383256,AMZN,335.0,9310.117026953123,-689.8829730468742,-84.89996899413575,-604.9830040527385,Amazon,stocks
SHORT,2025-09-05 10:55:00-04:00,232.1698981689453,235.17510305175782,226.1598884033203,235.1750030517578,232.1699981689453,3.0050048828125,32,2025-09-05 15:45:00-04:00,235.17510305175782,STOP_LOSS,-96.16655625000021,GOOGL,290.0,9595.426344677717,-404.5736553222755,181.36315937499086,-585.9368146972663,Google,stocks
LONG,2025-09-05 11:40:00-04:00,330.740090234375,329.07988657226565,334.0600975585937,330.739990234375,329.0799865722656,1.660003662109375,31,2025-09-08 09:50:00-04:00,334.0600975585937,TAKE_PROFIT,102.92022705078125,GLD,4210.0,10413.646916210988,413.6469162109852,441.8718455566819,-28.224929345696694,Gold ETF,commodities
LONG,2025-09-05 12:05:00-04:00,3650.5001,3631.699851171875,3688.10019765625,3650.5,3631.699951171875,18.800048828125,2,2025-09-08 21:45:00-04:00,3688.10019765625,TAKE_PROFIT,75.2001953125,GC=F,4900.0,10522.991129687476,522.9911296874761,522.9911296874761,0.0,Gold,commodities
LONG,2025-09-05 15:45:00-04:00,235.17510305175782,232.1698981689453,241.18511281738282,235.1750030517578,232.1699981689453,3.0050048828125,31,2025-09-05 16:10:00-04:00,232.1698981689453,STOP_LOSS,-93.1613513671877,GOOGL,25.0,9502.26499331053,-497.7350066894632,181.36315937499086,-679.0981660644541,Google,stocks
SHORT,2025-09-05 19:25:00-04:00,239.17989267578125,240.6200951171875,236.29988779296875,240.6199951171875,239.17999267578125,1.44000244140625,38,2025-09-08 17:10:00-04:00,236.29988779296875,TAKE_PROFIT,109.440185546875,AAPL,4185.0,9353.97963041993,-646.020369580068,-24.73254565429633,-621.2878239257716,Apple,stocks
LONG,2025-09-08 09:50:00-04:00,23852.0001,23771.2499,24013.5001,23852.0,23771.25,80.75,1,2025-09-08 13:50:00-04:00,23771.2499,STOP_LOSS,-80.75020000000222,MNQ=F,240.0,11527.747199999969,1527.7471999999689,1608.497399999971,-80.75020000000222,Micro Nasdaq,futures
LONG,2025-09-08 09:50:00-04:00,579.9601219726562,578.0699073242188,583.7401512695312,579.9600219726562,578.0700073242188,1.8900146484375,17,2025-09-08 13:50:00-04:00,578.0699073242188,STOP_LOSS,-32.13364902343665,QQQ,240.0,10295.031698632818,295.0316986328362,575.3663328125112,-280.33463417967505,Nasdaq ETF,stocks
LONG,2025-09-08 09:50:00-04:00,23852.2501,23771.7499,24013.2501,23852.25,23771.75,80.5,1,2025-09-08 13:50:00-04:00,23771.7499,STOP_LOSS,-80.50020000000222,NQ=F,240.0,11443.246999999967,1443.2469999999666,1523.7471999999689,-80.50020000000222,Nasdaq Futures,futures
LONG,2025-09-08 09:50:00-04:00,499.5550926757813,495.509909765625,507.6450584960939,499.5549926757813,495.510009765625,4.044982910156307,20,2025-09-08 16:40:00-04:00,495.509909765625,STOP_LOSS,-80.90365820312513,MSFT,410.0,10022.2116110352,22.211611035193528,758.8573261230724,-736.6457150878789,Microsoft,stocks
LONG,2025-09-08 10:05:00-04:00,334.6200951171875,333.22991098632815,337.4000633789062,334.6199951171875,333.2300109863281,1.389984130859375,31,2025-09-09 09:50:00-04:00,337.4000633789062,TAKE_PROFIT,86.17901611328125,GLD,1425.0,10499.82593232427,499.82593232426643,499.82593232426643,0.0,Gold ETF,commodities
SHORT,2025-09-08 10:15:00-04:00,648.05409921875,649.0600975585937,646.0425025390625,649.0599975585938,648.05419921875,1.00579833984375,15,2025-09-08 10:30:00-04:00,649.0600975585937,STOP_LOSS,-15.089975097655497,SPY,15.0,10226.977765820355,226.97776582034066,267.05622607424084,-40.078460253900175,S&P 500 ETF,stocks
LONG,2025-09-08 10:30:00-04:00,235.4901054931641,233.8499061035156,238.77010427246108,235.4900054931641,233.8500061035156,1.6399993896484943,39,2025-09-09 15:05:00-04:00,238.77010427246108,TAKE_PROFIT,127.91995239258256,AMZN,1715.0,9438.036979345705,-561.9630206542917,-84.89996899413575,-477.0630516601559,Amazon,stocks
LONG,2025-09-08 10:35:00-04:00,649.0600975585937,648.05409921875,651.0716942382812,649.0599975585938,648.05419921875,1.00579833984375,15,2025-09-08 12:35:00-04:00,648.05409921875,STOP_LOSS,-15.089975097655497,SPY,120.0,10211.8877907227,211.88779072268517,267.05622607424084,-55.16843535155567,S&P 500 ETF,stocks
SHORT,2025-09-08 10:35:00-04:00,350.7499,358.0001,336.2499,358.0,350.75,7.25,11,2025-09-08 16:45:00-04:00,358.0001,STOP_LOSS,-79.75219999999945,TSLA,370.0,8368.74880976566,-1631.2511902343417,488.22672919922206,-2119.477919433564,Tesla,stocks
SHORT,2025-09-08 11:10:00-04:00,235.2399054931641,237.9500969482422,229.8199225830079,237.9499969482422,235.2400054931641,2.7099914550780966,35,2025-09-09 13:00:00-04:00,237.9500969482422,STOP_LOSS,-94.85670092773361,GOOGL,1550.0,9407.408292382795,-592.5917076171968,181.36315937499086,-773.9548669921876,Google,stocks
SHORT,2025-09-08 13:10:00-04:00,648.05409921875,649.0600975585937,646.0425025390625,649.0599975585938,648.05419921875,1.00579833984375,15,2025-09-08 18:00:00-04:00,649.0600975585937,STOP_LOSS,-15.089975097655497,SPY,290.0,10196.797815625045,196.79781562502967,267.05622607424084,-70.25841044921117,S&P 500 ETF,stocks
SHORT,2025-09-08 15:10:00-04:00,23771.7499,23852.2501,23610.7499,23852.25,23771.75,80.5,1,2025-09-09 13:10:00-04:00,23852.2501,STOP_LOSS,-80.50020000000222,NQ=F,1320.0,11362.746799999964,1362.7467999999644,1523.7471999999689,-161.00040000000445,Nasdaq Futures,futures
SHORT,2025-09-08 15:10:00-04:00,578.0699073242188,579.9601219726562,574.2898780273438,579.9600219726562,578.0700073242188,1.8900146484375,17,2025-09-08 17:25:00-04:00,579.9601219726562,STOP_LOSS,-32.13364902343665,QQQ,135.0,10262.89804960938,262.89804960939955,575.3663328125112,-312.4682832031117,Nasdaq ETF,stocks
SHORT,2025-09-08 15:10:00-04:00,23771.2499,23852.0001,23609.7499,23852.0,23771.25,80.75,1,2025-09-09 13:10:00-04:00,23852.0001,STOP_LOSS,-80.75020000000222,MNQ=F,1320.0,11446.996999999967,1446.9969999999666,1608.497399999971,-161.50040000000445,Micro Nasdaq,futures
SHORT,2025-09-08 17:10:00-04:00,495.509909765625,499.5550926757813,487.4199439453124,499.5549926757813,495.510009765625,4.044982910156307,20,2025-09-08 17:15:00-04:00,487.4199439453124,TAKE_PROFIT,161.79931640625227,MSFT,5.0,10184.010927441452,184.0109274414458,758.8573261230724,-574.8463986816266,Microsoft,stocks
LONG,2025-09-08 18:45:00-04:00,499.5550926757813,495.509909765625,507.6450584960939,499.5549926757813,495.510009765625,4.044982910156307,20,2025-09-09 16:40:00-04:00,495.509909765625,STOP_LOSS,-80.90365820312513,MSFT,1315.0,10103.107269238326,103.10726923832067,758.8573261230724,-655.7500568847518,Microsoft,stocks
LONG,2025-09-09 00:00:00+01:00,1.1758789850234983,1.175264375114441,1.176708204841613,1.1757789850234983,1.175364375114441,0.00041460990905739514,8593,2025-09-09 00:05:00+01:00,1.176708204841613,TAKE_PROFIT,7.125485897060393,EURUSD=X,5.0,10112.616092867467,112.6160928674721,131.92810493145544,-19.31201206398333,EUR/USD,forex
SHORT,2025-09-09 09:05:00+01:00,1.175264375114441,1.1758789850234983,1.1744351552963261,1.1757789850234983,1.175364375114441,0.00041460990905739514,8604,2025-09-09 09:25:00+01:00,1.1758789850234983,STOP_LOSS,-5.288103657529638,EURUSD=X,20.0,10107.327989209938,107.32798920994247,131.92810493145544,-24.600115721512964,EUR/USD,forex
LONG,2025-09-09 09:25:00+01:00,1.1758789850234983,1.175264375114441,1.176708204841613,1.1757789850234983,1.175364375114441,0.00041460990905739514,8595,2025-09-09 10:05:00+01:00,1.176708204841613,TAKE_PROFIT,7.127144336696622,EURUSD=X,40.0,10114.455133546635,114.45513354663909,131.92810493145544,-17.472971384816347,EUR/USD,forex
SHORT,2025-09-09 09:50:00-04:00,648.7499,649.4950951171875,647.259909765625,649.4949951171875,648.75,0.7449951171875,15,2025-09-09 10:00:00-04:00,649.4950951171875,STOP_LOSS,-11.177926757811747,SPY,10.0,10185.619888867233,185.61988886721792,267.05622607424084,-81.43633720702292,S&P 500 ETF,stocks
SHORT,2025-09-09 10:00:00-04:00,347.1299048828125,350.5500877929687,340.2899390625,350.54998779296875,347.1300048828125,3.41998291015625,24,2025-09-09 16:40:00-04:00,350.5500877929687,STOP_LOSS,-82.0843898437488,TSLA,400.0,8286.664419921912,-1713.3355800780905,488.22672919922206,-2201.5623092773126,Tesla,stocks
SHORT,2025-09-09 10:05:00-04:00,336.7499,337.6401146484375,334.969870703125,337.6400146484375,336.75,0.8900146484375,31,2025-09-09 10:35:00-04:00,334.969870703125,TAKE_PROFIT,55.180908203125,GLD,30.0,10555.006840527394,555.0068405273914,555.0068405273914,0.0,Gold ETF,commodities
SHORT,2025-09-09 10:05:00-04:00,3697.699851171875,3706.90000234375,3679.299948828125,3706.89990234375,3697.699951171875,9.199951171875,2,2025-09-09 10:35:00-04:00,3679.299948828125,TAKE_PROFIT,36.7998046875,GC=F,30.0,10559.790934374976,559.7909343749761,559.7909343749761,0.0,Gold,commodities
SHORT,2025-09-09 10:15:00-04:00,579.22988046875,580.2001122070312,577.2898169921875,580.2000122070312,579.22998046875,0.97003173828125,17,2025-09-09 10:35:00-04:00,577.2898169921875,TAKE_PROFIT,32.9810791015625,QQQ,20.0,10295.879128710943,295.87912871096205,575.3663328125112,-279.4872041015492,Nasdaq ETF,stocks
SHORT,2025-09-09 10:15:00-04:00,236.3499061035156,238.0001,233.0499183105468,238.0,236.3500061035156,1.6499938964844034,39,2025-09-09 13:10:00-04:00,238.0001,STOP_LOSS,-64.35756196289199,AAPL,175.0,9289.622068457038,-710.3779315429599,-24.73254565429633,-685.6453858886636,Apple,stocks
SHORT,2025-09-09 10:30:00-04:00,648.7499,649.4950951171875,647.259909765625,649.4949951171875,648.75,0.7449951171875,15,2025-09-09 10:40:00-04:00,647.259909765625,TAKE_PROFIT,22.349853515625,SPY,10.0,10207.969742382858,207.96974238284292,267.05622607424084,-59.086483691397916,S&P 500 ETF,stocks
SHORT,2025-09-09 11:30:00-04:00,648.7499,649.4950951171875,647.259909765625,649.4949951171875,648.75,0.7449951171875,15,2025-09-09 13:10:00-04:00,649.4950951171875,STOP_LOSS,-11.177926757811747,SPY,100.0,10196.791815625047,196.79181562503118,267.05622607424084,-70.26441044920966,S&P 500 ETF,stocks
SHORT,2025-09-09 12:20:00-04:00,579.22988046875,580.2001122070312,577.2898169921875,580.2000122070312,579.22998046875,0.97003173828125,17,2025-09-09 15:20:00-04:00,580.2001122070312,STOP_LOSS,-16.493939550780397,QQQ,180.0,10279.385189160163,279.38518916018165,575.3663328125112,-295.9811436523296,Nasdaq ETF,stocks
LONG,2025-09-09 13:10:00-04:00,238.0001,236.3499061035156,241.3000877929688,238.0,236.3500061035156,1.6499938964844034,39,2025-09-09 13:40:00-04:00,236.3499061035156,STOP_LOSS,-64.35756196289199,AAPL,30.0,9225.264506494146,-774.7354935058519,-24.73254565429633,-750.0029478515555,Apple,stocks
SHORT,2025-09-09 14:00:00-04:00,236.3499061035156,238.0001,233.0499183105468,238.0,236.3500061035156,1.6499938964844034,39,2025-09-09 16:30:00-04:00,233.0499183105468,TAKE_PROFIT,128.69952392578347,AAPL,150.0,9353.96403041993,-646.0359695800685,-24.73254565429633,-621.3034239257721,Apple,stocks
LONG,2025-09-09 15:30:00-04:00,23857.5001,23815.7499,23941.0001,23857.5,23815.75,41.75,1,2025-09-10 09:50:00-04:00,23941.0001,TAKE_PROFIT,83.5,NQ=F,1100.0,11446.246799999964,1446.2467999999644,1523.7471999999689,-77.50040000000445,Nasdaq Futures,futures
LONG,2025-09-09 15:30:00-04:00,580.2001122070312,579.22988046875,582.1401756835937,580.2000122070312,579.22998046875,0.97003173828125,17,2025-09-09 17:55:00-04:00,579.22988046875,STOP_LOSS,-16.493939550780397,QQQ,145.0,10262.891249609382,262.89124960940126,575.3663328125112,-312.47508320311,Nasdaq ETF,stocks
LONG,2025-09-09 15:30:00-04:00,23857.7501,23814.9999,23943.2501,23857.75,23815.0,42.75,1,2025-09-10 10:00:00-04:00,23943.2501,TAKE_PROFIT,85.5,MNQ=F,1110.0,11532.496999999967,1532.4969999999666,1608.497399999971,-76.00040000000445,Micro Nasdaq,futures
SHORT,2025-09-09 16:50:00-04:00,347.1299048828125,350.5500877929687,340.2899390625,350.54998779296875,347.1300048828125,3.41998291015625,23,2025-09-09 16:55:00-04:00,350.5500877929687,STOP_LOSS,-78.6642069335926,TSLA,5.0,8208.00021298832,-1791.999787011683,488.22672919922206,-2280.226516210905,Tesla,stocks
SHORT,2025-09-09 17:10:00-04:00,500.09990610351565,502.0951012207031,496.10991586914065,502.0950012207031,500.1000061035156,1.9949951171875,20,2025-09-09 17:25:00-04:00,502.0951012207031,STOP_LOSS,-39.903902343748996,MSFT,15.0,10063.203366894577,63.20336689457167,758.8573261230724,-695.6539592285008,Microsoft,stocks
SHORT,2025-09-09 18:10:00-04:00,500.09990610351565,502.0951012207031,496.10991586914065,502.0950012207031,500.1000061035156,1.9949951171875,20,2025-09-09 18:45:00-04:00,502.0951012207031,STOP_LOSS,-39.903902343748996,MSFT,35.0,10023.299464550828,23.299464550822677,758.8573261230724,-735.5578615722497,Microsoft,stocks
SHORT,2025-09-09 18:15:00-04:00,347.1299048828125,350.5500877929687,340.2899390625,350.54998779296875,347.1300048828125,3.41998291015625,23,2025-09-10 10:05:00-04:00,350.5500877929687,STOP_LOSS,-78.6642069335926,TSLA,950.0,8129.3360060547275,-1870.6639939452757,488.22672919922206,-2358.8907231444978,Tesla,stocks
SHORT,2025-09-09 18:50:00-04:00,500.09990610351565,502.0951012207031,496.10991586914065,502.0950012207031,500.1000061035156,1.9949951171875,20,2025-09-10 10:15:00-04:00,502.0951012207031,STOP_LOSS,-39.903902343748996,MSFT,925.0,9983.395562207079,-16.60443779292632,758.8573261230724,-775.4617639159987,Microsoft,stocks
LONG,2025-09-09 19:10:00-04:00,236.80010305175782,235.07990183105468,240.24010549316407,236.8000030517578,235.0800018310547,1.720001220703125,39,2025-09-10 09:50:00-04:00,235.07990183105468,STOP_LOSS,-67.08784760742213,AMZN,880.0,9370.949131738284,-629.0508682617137,-84.89996899413575,-544.150899267578,Amazon,stocks
LONG,2025-09-10 10:00:00-04:00,653.8500755859375,652.6798926757813,656.19004140625,653.8499755859375,652.6799926757812,1.16998291015625,15,2025-09-10 11:15:00-04:00,652.6798926757813,STOP_LOSS,-17.552743652342997,SPY,75.0,10179.239071972705,179.23907197268818,267.05622607424084,-87.81715410155266,S&P 500 ETF,stocks
LONG,2025-09-10 10:10:00-04:00,240.0001,238.06990732421875,243.8600853515625,240.0,238.07000732421875,1.92999267578125,39,2025-09-10 17:40:00-04:00,238.06990732421875,STOP_LOSS,-75.27751435546901,GOOGL,450.0,9332.130778027327,-667.8692219726659,181.36315937499086,-849.2323813476567,Google,stocks
LONG,2025-09-10 10:15:00-04:00,3694.40000234375,3686.59999765625,3709.99961171875,3694.39990234375,3686.60009765625,7.7998046875,2,2025-09-10 10:45:00-04:00,3686.59999765625,STOP_LOSS,-15.600009375000809,GC=F,30.0,10544.190924999975,544.1909249999753,559.7909343749761,-15.600009375000809,Gold,commodities
LONG,2025-09-10 10:15:00-04:00,336.3801048828125,335.6798926757813,337.780129296875,336.3800048828125,335.67999267578125,0.70001220703125,31,2025-09-10 10:45:00-04:00,335.6798926757813,STOP_LOSS,-21.706578417967194,GLD,30.0,10533.300262109427,533.3002621094242,555.0068405273914,-21.706578417967194,Gold ETF,commodities
SHORT,2025-09-10 10:15:00-04:00,228.83989633789065,232.34009633789066,221.83989633789065,232.33999633789065,228.83999633789065,3.5,26,2025-09-10 16:45:00-04:00,221.83989633789065,TAKE_PROFIT,182.0,AAPL,390.0,9535.96403041993,-464.03596958006847,-24.73254565429633,-439.3034239257721,Apple,stocks
LONG,2025-09-10 10:45:00-04:00,352.2001122070312,346.0699073242188,364.4601219726562,352.20001220703125,346.07000732421875,6.1300048828125,13,2025-09-10 16:50:00-04:00,346.0699073242188,STOP_LOSS,-79.69266347656185,TSLA,365.0,8049.643342578165,-1950.3566574218376,488.22672919922206,-2438.5833866210596,Tesla,stocks
SHORT,2025-09-10 10:45:00-04:00,335.6798926757813,336.3801048828125,334.2798682617188,336.3800048828125,335.67999267578125,0.70001220703125,31,2025-09-11 09:50:00-04:00,334.2798682617188,TAKE_PROFIT,43.4007568359375,GLD,1385.0,10576.701018945365,576.7010189453617,576.7010189453617,0.0,Gold ETF,commodities
SHORT,2025-09-10 10:45:00-04:00,3686.59999765625,3694.40000234375,3671.00038828125,3694.39990234375,3686.60009765625,7.7998046875,2,2025-09-10 22:45:00-04:00,3671.00038828125,TAKE_PROFIT,31.19921875,GC=F,720.0,10575.390143749975,575.3901437499753,575.3901437499753,0.0,Gold,commodities
SHORT,2025-09-10 11:15:00-04:00,652.6798926757813,653.8500755859375,650.3399268554688,653.8499755859375,652.6799926757812,1.16998291015625,15,2025-09-10 16:10:00-04:00,650.3399268554688,TAKE_PROFIT,35.0994873046875,SPY,295.0,10214.338559277392,214.33855927737568,267.05622607424084,-52.71766679686516,S&P 500 ETF,stocks
SHORT,2025-09-10 12:40:00-04:00,23911.9999,24000.7501,23734.4999,24000.75,23912.0,88.75,1,2025-09-11 10:05:00-04:00,24000.7501,STOP_LOSS,-88.75020000000222,MNQ=F,1285.0,11443.746799999964,1443.7467999999644,1608.497399999971,-164.75060000000667,Micro Nasdaq,futures
SHORT,2025-09-10 12:40:00-04:00,581.6098853515625,583.6901024414062,577.449851171875,583.6900024414062,581.6099853515625,2.08001708984375,17,2025-09-10 17:05:00-04:00,577.449851171875,TAKE_PROFIT,70.7205810546875,QQQ,265.0,10333.61183066407,333.61183066408876,575.3663328125112,-241.7545021484225,Nasdaq ETF,stocks
SHORT,2025-09-10 12:40:00-04:00,23910.2499,24000.5001,23729.7499,24000.5,23910.25,90.25,1,2025-09-11 10:05:00-04:00,24000.5001,STOP_LOSS,-90.25020000000222,NQ=F,1285.0,11355.996599999962,1355.9965999999622,1523.7471999999689,-167.75060000000667,Nasdaq Futures,futures
SHORT,2025-09-10 14:40:00-04:00,230.7249061035156,237.68009267578125,216.8149329589843,237.67999267578125,230.7250061035156,6.954986572265653,13,2025-09-11 16:15:00-04:00,237.68009267578125,STOP_LOSS,-90.41742543945358,AMZN,1535.0,9280.53170629883,-719.4682937011673,-84.89996899413575,-634.5683247070316,Amazon,stocks
SHORT,2025-09-10 18:50:00-04:00,652.6798926757813,653.8500755859375,650.3399268554688,653.8499755859375,652.6799926757812,1.16998291015625,15,2025-09-11 09:50:00-04:00,653.8500755859375,STOP_LOSS,-17.552743652342997,SPY,900.0,10196.78581562505,196.78581562503268,267.05622607424084,-70.27041044920816,S&P 500 ETF,stocks
LONG,2025-09-11 14:00:00+01:00,1.1728453470230105,1.1718207763671875,1.1744944883346564,1.1727453470230105,1.1719207763671875,0.000824570655822976,8623,2025-09-11 15:05:00+01:00,1.1744944883346564,TAKE_PROFIT,14.220545530323044,EURUSD=X,65.0,10128.675679076958,128.67567907696213,131.92810493145544,-3.2524258544933105,EUR/USD,forex
LONG,2025-09-11 09:50:00-04:00,654.6501244140625,653.5899268554688,656.77011953125,654.6500244140625,653.5900268554688,1.05999755859375,15,2025-09-11 10:35:00-04:00,656.77011953125,TAKE_PROFIT,31.7999267578125,SPY,45.0,10228.585742382862,228.58574238284518,267.05622607424084,-38.47048369139566,S&P 500 ETF,stocks
LONG,2025-09-11 09:50:00-04:00,228.43009267578125,226.6498938964844,231.99009023437495,228.42999267578125,226.6499938964844,1.7799987792968466,41,2025-09-11 16:40:00-04:00,226.6498938964844,STOP_LOSS,-72.98814995117098,AAPL,410.0,9462.975880468759,-537.0241195312394,-24.73254565429633,-512.2915738769431,Apple,stocks
LONG,2025-09-11 09:55:00-04:00,351.4300926757812,347.59990610351565,359.0900658203125,351.42999267578125,347.6000061035156,3.829986572265625,21,2025-09-11 10:25:00-04:00,359.0900658203125,TAKE_PROFIT,160.85943603515625,TSLA,30.0,8210.502778613321,-1789.4972213866813,488.22672919922206,-2277.7239505859034,Tesla,stocks
LONG,2025-09-11 10:05:00-04:00,3669.800148828125,3655.4999,3698.400246484375,3669.800048828125,3655.5,14.300048828125,2,2025-09-15 09:50:00-04:00,3698.400246484375,TAKE_PROFIT,57.2001953125,GC=F,5745.0,10632.590339062475,632.5903390624753,632.5903390624753,0.0,Gold,commodities
LONG,2025-09-11 10:05:00-04:00,334.27008901367185,332.96990122070315,336.87006459960935,334.2699890136719,332.9700012207031,1.29998779296875,31,2025-09-15 09:50:00-04:00,336.87006459960935,TAKE_PROFIT,80.5992431640625,GLD,5745.0,10657.300262109427,657.3002621094242,657.3002621094242,0.0,Gold ETF,commodities
LONG,2025-09-11 10:30:00-04:00,23997.7501,23909.7499,24173.7501,23997.75,23909.75,88.0,1,2025-09-15 09:50:00-04:00,24173.7501,TAKE_PROFIT,176.0,MNQ=F,5720.0,11619.746799999964,1619.7467999999644,1619.7467999999644,0.0,Micro Nasdaq,futures
LONG,2025-09-11 10:30:00-04:00,23997.5001,23909.7499,24173.0001,23997.5,23909.75,87.75,1,2025-09-15 09:50:00-04:00,24173.0001,TAKE_PROFIT,175.5,NQ=F,5720.0,11531.496599999962,1531.4965999999622,1531.4965999999622,0.0,Nasdaq Futures,futures
LONG,2025-09-11 10:30:00-04:00,502.8000877929688,497.8799048828125,512.6400536132815,502.7999877929688,497.8800048828125,4.919982910156307,19,2025-09-11 16:40:00-04:00,497.8799048828125,STOP_LOSS,-93.48347529296888,MSFT,370.0,9889.91208691411,-110.0879130858952,758.8573261230724,-868.9452392089677,Microsoft,stocks
LONG,2025-09-11 10:30:00-04:00,583.7001122070312,581.6198951171875,587.8601463867187,583.7000122070312,581.6199951171875,2.08001708984375,17,2025-09-15 09:50:00-04:00,587.8601463867187,TAKE_PROFIT,70.7205810546875,QQQ,5720.0,10404.332411718757,404.33241171877626,575.3663328125112,-171.033921093735,Nasdaq ETF,stocks
LONG,2025-09-11 14:20:00-04:00,240.4500969482422,236.8799048828125,247.59008107910157,240.4499969482422,236.8800048828125,3.5699920654296875,26,2025-09-12 17:05:00-04:00,236.8799048828125,STOP_LOSS,-92.82499370117205,GOOGL,1605.0,9239.305784326156,-760.6942156738379,181.36315937499086,-942.0573750488288,Google,stocks
SHORT,2025-09-11 16:40:00-04:00,653.5899268554688,654.6501244140625,651.4699317382813,654.6500244140625,653.5900268554688,1.05999755859375,15,2025-09-11 16:45:00-04:00,654.6501244140625,STOP_LOSS,-15.902963378905497,SPY,5.0,10212.682779003957,212.6827790039397,267.05622607424084,-54.373447070301154,S&P 500 ETF,stocks
LONG,2025-09-11 16:45:00-04:00,654.6501244140625,653.5899268554688,656.77011953125,654.6500244140625,653.5900268554688,1.05999755859375,15,2025-09-11 16:50:00-04:00,653.5899268554688,STOP_LOSS,-15.902963378905497,SPY,5.0,10196.779815625052,196.7798156250342,267.05622607424084,-70.27641044920665,S&P 500 ETF,stocks
LONG,2025-09-11 17:30:00-04:00,502.8000877929688,497.8799048828125,512.6400536132815,502.7999877929688,497.8800048828125,4.919982910156307,19,2025-09-11 17:35:00-04:00,512.6400536132815,TAKE_PROFIT,186.95935058594074,MSFT,5.0,10076.87143750005,76.87143750004554,758.8573261230724,-681.9858886230269,Microsoft,stocks
SHORT,2025-09-11 18:00:00-04:00,347.59990610351565,351.4300926757812,339.9399329589844,351.42999267578125,347.6000061035156,3.829986572265625,21,2025-09-11 18:05:00-04:00,351.4300926757812,STOP_LOSS,-80.43391801757707,TSLA,5.0,8130.068860595744,-1869.9311394042584,488.22672919922206,-2358.1578686034804,Tesla,stocks
LONG,2025-09-11 18:05:00-04:00,351.4300926757812,347.59990610351565,359.0900658203125,351.42999267578125,347.6000061035156,3.829986572265625,21,2025-09-11 18:10:00-04:00,359.0900658203125,TAKE_PROFIT,160.85943603515625,TSLA,5.0,8290.9282966309,-1709.0717033691021,488.22672919922206,-2197.298432568324,Tesla,stocks
LONG,2025-09-12 00:35:00+01:00,1.1740845275878906,1.1723703311920166,1.1771129203796387,1.1739845275878906,1.1724703311920166,0.0015141963958740234,8626,2025-09-12 09:45:00+01:00,1.1723703311920166,STOP_LOSS,-14.786658110809135,EURUSD=X,550.0,10113.88902096615,113.889020966153,131.92810493145544,-18.03908396530244,EUR/USD,forex
SHORT,2025-09-12 09:45:00+01:00,1.1723703311920166,1.1740845275878906,1.1693419384002686,1.1739845275878906,1.1724703311920166,0.0015141963958740234,8626,2025-09-12 18:50:00+01:00,1.1740845275878906,STOP_LOSS,-14.786658110809135,EURUSD=X,545.0,10099.102362855341,99.10236285534387,131.92810493145544,-32.82574207611157,EUR/USD,forex
SHORT,2025-09-12 09:50:00-04:00,228.50989450683596,230.79009328613282,223.94989694824227,230.7899932861328,228.50999450683597,2.2799987792968466,40,2025-09-12 16:55:00-04:00,230.79009328613282,STOP_LOSS,-91.20795117187413,AMZN,425.0,9189.323755126956,-810.6762448730415,-84.89996899413575,-725.7762758789057,Amazon,stocks
LONG,2025-09-12 09:50:00-04:00,381.29010854492185,371.7499,400.3701256347656,381.2900085449219,371.75,9.540008544921875,8,2025-09-15 09:50:00-04:00,400.3701256347656,TAKE_PROFIT,152.64013671875,TSLA,4320.0,8443.56843334965,-1556.4315666503521,488.22672919922206,-2044.6582958495742,Tesla,stocks
LONG,2025-09-12 09:55:00-04:00,507.8400963378906,503.868308203125,515.7832726074218,507.8399963378906,503.868408203125,3.971588134765625,19,2025-09-12 16:50:00-04:00,503.868308203125,STOP_LOSS,-75.46397456054592,MSFT,415.0,10001.407462939505,1.4074629394996236,758.8573261230724,-757.4498631835728,Microsoft,stocks
LONG,2025-09-12 09:55:00-04:00,230.94010244140625,229.0199042724609,234.78009877929694,230.94000244140625,229.0200042724609,1.919998168945341,40,2025-09-12 16:55:00-04:00,229.0199042724609,STOP_LOSS,-76.8079267578139,AAPL,420.0,9386.167953710945,-613.8320462890533,-24.73254565429633,-589.099500634757,Apple,stocks
LONG,2025-09-12 09:55:00-04:00,657.77011953125,657.14491953125,659.02011953125,657.77001953125,657.14501953125,0.625,15,2025-09-12 14:50:00-04:00,659.02011953125,TAKE_PROFIT,18.75,SPY,295.0,10215.529815625052,215.5298156250342,267.05622607424084,-51.52641044920665,S&P 500 ETF,stocks
LONG,2025-09-12 19:35:00+01:00,1.1740845275878906,1.1723703311920166,1.1771129203796387,1.1739845275878906,1.1724703311920166,0.0015141963958740234,8601,2025-09-16 02:50:00+01:00,1.1771129203796387,TAKE_PROFIT,26.04720640182495,EURUSD=X,4755.0,10125.149569257166,125.14956925716882,131.92810493145544,-6.778535674286616,EUR/USD,forex
LONG,2025-09-12 15:45:00-04:00,657.77011953125,657.14491953125,659.02011953125,657.77001953125,657.14501953125,0.625,15,2025-09-12 17:20:00-04:00,657.14491953125,STOP_LOSS,-9.377999999999247,SPY,95.0,10206.151815625053,206.15181562503494,267.05622607424084,-60.9044104492059,S&P 500 ETF,stocks
LONG,2025-09-15 09:50:00-04:00,24234.5001,24171.9999,24359.5001,24234.5,24172.0,62.5,1,2025-09-16 09:50:00-04:00,24359.5001,TAKE_PROFIT,125.0,MNQ=F,1440.0,11744.746799999964,1744.7467999999644,1744.7467999999644,0.0,Micro Nasdaq,futures
LONG,2025-09-15 09:50:00-04:00,660.3401268554687,659.47988046875,662.0602196289062,660.3400268554688,659.47998046875,0.86004638671875,15,2025-09-15 14:40:00-04:00,659.47988046875,STOP_LOSS,-12.903695800780497,SPY,290.0,10193.248119824273,193.24811982425445,267.05622607424084,-73.8081062499864,S&P 500 ETF,stocks
LONG,2025-09-15 09:50:00-04:00,589.7501,588.2948829101563,592.6601341796875,589.75,588.2949829101562,1.45501708984375,17,2025-09-15 17:00:00-04:00,588.2948829101563,STOP_LOSS,-24.738690527342897,QQQ,430.0,10379.593721191413,379.59372119143336,575.3663328125112,-195.77261162107789,Nasdaq ETF,stocks
LONG,2025-09-15 09:50:00-04:00,24231.5001,24172.7499,24349.0001,24231.5,24172.75,58.75,1,2025-09-16 15:10:00-04:00,24349.0001,TAKE_PROFIT,117.5,NQ=F,1760.0,11648.996599999962,1648.9965999999622,1648.9965999999622,0.0,Nasdaq Futures,futures
LONG,2025-09-15 10:00:00-04:00,511.5001,506.9999,520.5001,511.5,507.0,4.5,19,2025-09-15 16:10:00-04:00,506.9999,STOP_LOSS,-85.50379999999905,MSFT,370.0,9915.903662939507,-84.09633706049942,758.8573261230724,-842.9536631835718,Microsoft,stocks
LONG,2025-09-15 10:05:00-04:00,250.7401054931641,244.70990671386718,262.8001030517579,250.7400054931641,244.7100067138672,6.029998779296903,15,2025-09-16 16:15:00-04:00,244.70990671386718,STOP_LOSS,-90.45298168945365,GOOGL,1810.0,9148.852802636702,-851.1471973632915,181.36315937499086,-1032.5103567382823,Google,stocks
LONG,2025-09-15 10:50:00-04:00,232.1700066162109,230.31990732421875,235.86980520019523,232.1699066162109,230.32000732421875,1.849899291992159,39,2025-09-15 17:20:00-04:00,230.31990732421875,STOP_LOSS,-72.15387238769446,AMZN,390.0,9117.169882739261,-882.830117260736,-84.89996899413575,-797.9301482666002,Amazon,stocks
LONG,2025-09-15 11:00:00-04:00,3701.700051171875,3689.89980234375,3725.300148828125,3701.699951171875,3689.89990234375,11.800048828125,2,2025-09-15 20:55:00-04:00,3725.300148828125,TAKE_PROFIT,47.2001953125,GC=F,595.0,10679.790534374975,679.7905343749753,679.7905343749753,0.0,Gold,commodities
LONG,2025-09-15 11:00:00-04:00,337.31009755859367,336.22991098632815,339.4700707031248,337.3099975585937,336.2300109863281,1.0799865722655682,31,2025-09-16 09:50:00-04:00,339.4700707031248,TAKE_PROFIT,66.95916748046523,GLD,1370.0,10724.259429589893,724.2594295898895,724.2594295898895,0.0,Gold ETF,commodities
SHORT,2025-09-15 14:00:00-04:00,414.7798987792969,425.6999901367188,392.94011606445304,425.6998901367188,414.7799987792969,10.919891357421932,7,2025-09-15 17:05:00-04:00,392.94011606445304,TAKE_PROFIT,152.87847900390705,TSLA,185.0,8596.446912353556,-1403.553087646445,488.22672919922206,-1891.779816845667,Tesla,stocks
LONG,2025-09-15 15:45:00-04:00,660.3401268554687,659.47988046875,662.0602196289062,660.3400268554688,659.47998046875,0.86004638671875,15,2025-09-16 11:00:00-04:00,659.47988046875,STOP_LOSS,-12.903695800780497,SPY,1155.0,10180.344424023493,180.34442402347395,267.05622607424084,-86.71180205076689,S&P 500 ETF,stocks
LONG,2025-09-15 17:20:00-04:00,238.19010244140625,235.07269968261718,244.42450795898438,238.19000244140625,235.0727996826172,3.1172027587890625,30,2025-09-15 17:25:00-04:00,235.07269968261718,STOP_LOSS,-93.52208276367207,AAPL,5.0,9292.645870947274,-707.3541290527254,-24.73254565429633,-682.621583398429,Apple,stocks
LONG,2025-09-16 02:50:00+01:00,1.177124483680725,1.1762322353363037,1.1785089803695679,1.177024483680725,1.1763322353363037,0.0006922483444213867,8601,2025-09-16 04:30:00+01:00,1.1785089803695679,TAKE_PROFIT,11.908056020736694,EURUSD=X,100.0,10137.057625277903,137.05762527790552,137.05762527790552,0.0,EUR/USD,forex
LONG,2025-09-16 09:50:00-04:00,239.1500938964844,236.3234015869141,244.80307851562503,239.1499938964844,236.3235015869141,2.8264923095703125,32,2025-09-16 16:35:00-04:00,236.3234015869141,STOP_LOSS,-90.45415390625021,AAPL,405.0,9202.191717041023,-797.8082829589756,-24.73254565429633,-773.0757373046793,Apple,stocks
SHORT,2025-09-16 09:55:00-04:00,511.7798987792969,517.23008046875,500.87993540039065,517.22998046875,511.7799987792969,5.449981689453125,18,2025-09-16 16:45:00-04:00,500.87993540039065,TAKE_PROFIT,196.1993408203125,MSFT,410.0,10112.10300375982,112.10300375981308,758.8573261230724,-646.7543223632593,Microsoft,stocks
LONG,2025-09-16 10:00:00-04:00,417.0001,411.42989267578133,428.14011464843736,417.0,411.4299926757813,5.570007324218693,15,2025-09-16 16:50:00-04:00,411.42989267578133,STOP_LOSS,-83.55310986327964,TSLA,410.0,8512.893802490276,-1487.1061975097246,488.22672919922206,-1975.3329267089466,Tesla,stocks
LONG,2025-09-16 10:05:00-04:00,234.17009816894532,232.22989572753903,238.05010305175787,234.1699981689453,232.22999572753903,1.9400024414062784,38,2025-09-16 16:35:00-04:00,232.22989572753903,STOP_LOSS,-73.72769277343883,AMZN,390.0,9043.442189965823,-956.5578100341747,-84.89996899413575,-871.657841040039,Amazon,stocks
LONG,2025-09-16 10:10:00-04:00,3735.90000234375,3729.199851171875,3749.2999046875,3735.89990234375,3729.199951171875,6.699951171875,2,2025-09-16 10:25:00-04:00,3729.199851171875,STOP_LOSS,-13.400302343750809,GC=F,15.0,10666.390232031225,666.3902320312245,679.7905343749753,-13.400302343750809,Gold,commodities
LONG,2025-09-16 10:10:00-04:00,340.4650963378906,339.82988657226565,341.7351158691406,340.4649963378906,339.8299865722656,0.635009765625,31,2025-09-16 10:30:00-04:00,339.82988657226565,STOP_LOSS,-19.691502734373444,GLD,20.0,10704.56792685552,704.567926855516,724.2594295898895,-19.691502734373444,Gold ETF,commodities
SHORT,2025-09-16 10:25:00-04:00,591.529929296875,592.8600853515625,588.8700171875,592.8599853515625,591.530029296875,1.3299560546875,17,2025-09-16 19:55:00-04:00,591.605,END_OF_DATA,-1.2762019531248825,QQQ,570.0,10378.317519238288,378.3175192383085,575.3663328125112,-197.04881357420277,Nasdaq ETF,stocks
SHORT,2025-09-16 10:25:00-04:00,24544.4999,24600.2501,24432.9999,24600.25,24544.5,55.75,1,2025-09-16 23:55:00-04:00,24518.0,END_OF_DATA,26.49989999999889,MNQ=F,810.0,11771.246699999963,1771.2466999999633,1771.2466999999633,0.0,Micro Nasdaq,futures
SHORT,2025-09-16 10:30:00-04:00,3729.199851171875,3735.90000234375,3715.799948828125,3735.89990234375,3729.199951171875,6.699951171875,2,2025-09-16 11:30:00-04:00,3715.799948828125,TAKE_PROFIT,26.7998046875,GC=F,60.0,10693.190036718725,693.1900367187245,693.1900367187245,0.0,Gold,commodities
SHORT,2025-09-16 10:30:00-04:00,339.82988657226565,340.4650963378906,338.55986704101565,340.4649963378906,339.8299865722656,0.635009765625,31,2025-09-16 16:00:00-04:00,338.55986704101565,TAKE_PROFIT,39.37060546875,GLD,330.0,10743.93853232427,743.938532324266,743.938532324266,0.0,Gold ETF,commodities
LONG,2025-09-16 15:15:00-04:00,24355.7501,24301.7499,24463.7501,24355.75,24301.75,54.0,1,2025-09-16 15:20:00-04:00,24463.7501,TAKE_PROFIT,108.0,NQ=F,5.0,11756.996599999962,1756.9965999999622,1756.9965999999622,0.0,Nasdaq Futures,futures
SHORT,2025-09-16 15:20:00-04:00,660.469870703125,661.780129296875,657.849753515625,661.780029296875,660.469970703125,1.31005859375,15,2025-09-16 19:55:00-04:00,660.3,END_OF_DATA,2.5480605468760587,SPY,275.0,10182.89248457037,182.89248457035,267.05622607424084,-84.16374150389083,S&P 500 ETF,stocks
SHORT,2025-09-16 15:25:00-04:00,24301.7499,24355.7501,24193.7499,24355.75,24301.75,54.0,1,2025-09-16 15:30:00-04:00,24355.7501,STOP_LOSS,-54.00020000000222,NQ=F,5.0,11702.99639999996,1702.99639999996,1756.9965999999622,-54.00020000000222,Nasdaq Futures,futures
LONG,2025-09-16 15:40:00-04:00,24355.7501,24301.7499,24463.7501,24355.75,24301.75,54.0,1,2025-09-16 15:45:00-04:00,24301.7499,STOP_LOSS,-54.00020000000222,NQ=F,5.0,11648.996199999958,1648.9961999999578,1756.9965999999622,-108.00040000000445,Nasdaq Futures,futures
SHORT,2025-09-16 16:45:00-04:00,250.58989633789065,253.04009328613282,245.68990244140633,253.0399932861328,250.58999633789065,2.449996948242159,36,2025-09-16 19:55:00-04:00,251.2,END_OF_DATA,-21.963731835936187,GOOGL,190.0,9126.889070800766,-873.1109291992277,181.36315937499086,-1054.4740885742185,Google,stocks
SHORT,2025-09-16 16:50:00-04:00,411.42989267578133,417.0001,400.28987802734395,417.0,411.4299926757813,5.570007324218693,15,2025-09-16 16:55:00-04:00,417.0001,STOP_LOSS,-83.55310986327964,TSLA,5.0,8429.340692626996,-1570.6593073730041,488.22672919922206,-2058.886036572226,Tesla,stocks
SHORT,2025-09-16 16:50:00-04:00,339.82988657226565,340.4650963378906,338.55986704101565,340.4649963378906,339.8299865722656,0.635009765625,31,2025-09-16 19:55:00-04:00,340.08,END_OF_DATA,-7.753516259764353,GLD,185.0,10736.185016064504,736.1850160645017,743.938532324266,-7.753516259764297,Gold ETF,commodities
SHORT,2025-09-16 16:50:00-04:00,3729.199851171875,3735.90000234375,3715.799948828125,3735.89990234375,3729.199951171875,6.699951171875,2,2025-09-16 21:35:00-04:00,3715.799948828125,TAKE_PROFIT,26.7998046875,GC=F,285.0,10719.989841406225,719.9898414062245,719.9898414062245,0.0,Gold,commodities
LONG,2025-09-16 16:55:00-04:00,417.0001,411.42989267578133,428.14011464843736,417.0,411.4299926757813,5.570007324218693,15,2025-09-16 17:05:00-04:00,411.42989267578133,STOP_LOSS,-83.55310986327964,TSLA,10.0,8345.787582763716,-1654.2124172362837,488.22672919922206,-2142.439146435506,Tesla,stocks
